emp_no,first_name,last_name,gender,salary,to_date
10095,Hilari,Morton,M,63668,9999-01-01
10122,Ohad,Esposito,M,42284,9999-01-01
10291,Dipayan,Seghrouchni,M,57430,9999-01-01
10476,Kokou,Iisaka,M,58221,9999-01-01
10663,Teunis,Noriega,M,47521,9999-01-01
10762,Lech,Himler,M,52172,9999-01-01
10933,Juyoung,Seghrouchni,F,40000,9999-01-01
12155,Keiichiro,Glinert,M,55355,9999-01-01
12408,Rasiah,Sudkamp,M,40000,9999-01-01
12643,Morrie,Schurmann,F,114784,9999-01-01
13499,Kazuhiko,Sidou,M,40000,9999-01-01
14075,Denny,Tchuente,M,40000,9999-01-01
14104,Sudhanshu,Demian,M,40327,9999-01-01
14127,Magdalena,Cannard,F,50454,9999-01-01
14158,Caolyn,Setiz,F,67559,9999-01-01
14476,Sastry,Marrevee,M,72512,9999-01-01
14907,Nakhoon,Luga,M,69351,9999-01-01
15050,Nikolaos,Kruskal,M,46188,9999-01-01
15058,Bouchung,Bugrara,M,62294,9999-01-01
15413,Arvin,Rabejac,M,40000,9999-01-01
16461,Remmert,Schahn,M,83638,9999-01-01
16528,Gaurav,Swick,F,49557,9999-01-01
17013,Morris,Garigliano,M,55776,9999-01-01
17206,Berry,DeMori,M,40000,9999-01-01
17369,Yaghout,Kenevan,M,40000,9999-01-01
17447,Zengping,Boreale,F,65188,9999-01-01
17731,Gennady,Roison,M,68972,9999-01-01
17970,Filipp,Carrere,M,40000,9999-01-01
17988,Mabhin,Calkin,M,52284,9999-01-01
18021,Adil,Matzke,M,40000,9999-01-01
18424,Filipp,Rousseau,M,40000,9999-01-01
18583,Stafford,Honglei,F,40000,9999-01-01
18617,Surveyors,Crouzet,M,40000,9999-01-01
18810,Taiji,Jarecki,M,40000,9999-01-01
19236,Elzbieta,Morris,F,67760,9999-01-01
19350,Satoru,Yoshizawa,M,41182,9999-01-01
19803,Ziva,Kowalchuk,F,71465,9999-01-01
20100,Utz,Heuter,F,64100,9999-01-01
20128,Kazunori,Peak,F,40000,9999-01-01
20129,Rafael,Skafidas,M,53292,9999-01-01
20248,Vidar,Demri,M,40000,9999-01-01
20313,Candida,Benveniste,M,40000,9999-01-01
20500,Christoph,Trystram,M,40000,9999-01-01
20885,Otmar,Rothenberg,M,59704,9999-01-01
21181,Jianhui,Cangellaris,F,60114,9999-01-01
21188,Piyush,Danecki,F,40000,9999-01-01
21546,Yongmin,Lanteri,F,75391,9999-01-01
21843,Karsten,Azadmanesh,M,52216,9999-01-01
21909,Mohammed,Brizzi,M,60302,9999-01-01
22185,Huai,Birch,M,40000,9999-01-01
22415,Perla,Jumpertz,M,69277,9999-01-01
22451,Jasminko,Bresenham,M,40000,9999-01-01
22455,Barry,Unno,F,69644,9999-01-01
22926,Manibrata,Genther,M,56184,9999-01-01
23396,Hilari,Fairtlough,F,55806,9999-01-01
24080,Jaana,Perez,F,47203,9999-01-01
24205,Roddy,Rubsam,F,49424,9999-01-01
24377,Lubomir,Wroclawski,F,42900,9999-01-01
24394,Zhonghui,Conta,M,55035,9999-01-01
24553,Anwar,Passafiume,M,58459,9999-01-01
24571,Cordelia,Gischer,F,40000,9999-01-01
25488,Ingmar,Basawa,M,40851,9999-01-01
26629,Nevin,Rodham,M,50836,9999-01-01
26671,Jiakeng,Kalorkoti,F,68039,9999-01-01
26788,Zongyan,Dalphin,M,40000,9999-01-01
27331,Wanqing,Krohm,F,40000,9999-01-01
27378,Piyawadee,Leppanen,M,48227,9999-01-01
27620,Shuji,Kandlur,M,40000,9999-01-01
27686,Manu,Rosiles,M,62592,9999-01-01
27699,Falguni,Pezzoli,F,67505,9999-01-01
27767,Tooru,Veldwijk,F,40000,9999-01-01
28193,Xinglin,Mitsuhashi,M,40490,9999-01-01
28974,Chenxi,Sundgren,F,40000,9999-01-01
28988,Tua,Giveon,M,47185,9999-01-01
29130,Xumin,Thorensen,F,67033,9999-01-01
29265,Gilbert,Calkin,M,40000,9999-01-01
29380,Satoru,Vidal,F,48212,9999-01-01
29418,Valery,Mersereau,M,57496,9999-01-01
29679,Kolar,Steenbeek,M,44381,9999-01-01
29782,Jouko,Hellwagner,M,45222,9999-01-01
29954,Pranay,Giarratana,F,40000,9999-01-01
30007,Kousuke,Vecchio,F,56378,9999-01-01
30035,Tetsushi,Conta,M,45843,9999-01-01
30154,Mayuko,Skafidas,M,40000,9999-01-01
30182,Leon,Potthoff,M,61572,9999-01-01
30465,Randi,Avouris,M,41895,9999-01-01
30484,Sailaja,Chvatal,M,62692,9999-01-01
30695,Gudjon,Majewski,M,42052,9999-01-01
30938,Yakkov,Samarati,F,43593,9999-01-01
31147,Divine,Sidhu,M,54305,9999-01-01
31188,Leandro,Gist,M,40000,9999-01-01
31207,Abdelwaheb,Dulin,F,40000,9999-01-01
31341,Oksana,Zultner,M,53219,9999-01-01
31514,Harngdar,Schapire,M,62415,9999-01-01
31568,Mark,Lalonde,M,67061,9999-01-01
31909,Murthy,Peek,M,46224,9999-01-01
32347,Terresa,Peres,M,66965,9999-01-01
32552,Atreye,Stanger,M,50710,9999-01-01
32649,Ingmar,Nannarelli,M,51124,9999-01-01
32714,Radoslaw,Maliniak,M,82622,9999-01-01
32844,Tadahiko,Melton,M,48091,9999-01-01
33025,Jessie,Thorelli,M,40000,9999-01-01
33215,Steen,Fasbender,M,48797,9999-01-01
33722,Anwar,Collette,M,40000,9999-01-01
34077,Angel,Sichman,F,50005,9999-01-01
34261,Kyoichi,Callaway,M,40000,9999-01-01
34446,Chinhyun,Bauknecht,M,40000,9999-01-01
34452,Naftaly,Foong,M,50679,9999-01-01
34505,Felicidad,Kumaresan,F,87384,9999-01-01
34533,Erzsebet,Shigei,M,40829,9999-01-01
34780,Moni,Kohling,F,64125,9999-01-01
34788,Ennio,Babu,F,58068,9999-01-01
34936,Bokyung,Stamatiou,F,65899,9999-01-01
35044,Jiang,Waschkowski,F,52310,9999-01-01
35087,Leif,Ashish,M,40000,9999-01-01
35441,Chandrasekaran,Peek,F,48152,9999-01-01
35642,Ashish,Talmon,F,40000,9999-01-01
35793,Oscar,Kusalik,M,56473,9999-01-01
35798,Ulf,Oberman,F,41160,9999-01-01
36521,Serif,Gladwell,M,57111,9999-01-01
36626,Fen,Genin,M,48437,9999-01-01
36733,Uma,Reinhard,M,40000,9999-01-01
36844,Hailing,Levergood,M,57007,9999-01-01
36982,Kotesh,Rajala,M,40000,9999-01-01
37070,Jeong,Undy,F,43215,9999-01-01
37945,Suzette,Butterworth,M,40000,9999-01-01
38043,Michaela,Randi,M,49927,9999-01-01
38103,Masasuke,Babu,M,48383,9999-01-01
38168,Fumiko,Deverell,M,40000,9999-01-01
38550,JoAnne,Baez,F,40000,9999-01-01
38593,Huei,Orsini,M,60124,9999-01-01
38947,Shuichi,Ruemmler,F,40000,9999-01-01
39000,Martijn,Vendrig,M,48649,9999-01-01
39036,Changho,Cappelli,F,40000,9999-01-01
39301,Rimon,Kawashima,F,40000,9999-01-01
39341,Mahmut,Lampe,F,50645,9999-01-01
39952,Otmar,Sudbeck,M,80468,9999-01-01
40269,Toshiki,Ghazalie,F,70370,9999-01-01
40283,Sudhanshu,Boissier,M,40000,9999-01-01
40301,Spyrose,Felder,M,40000,9999-01-01
40536,Harngdar,Bernardinello,F,49948,9999-01-01
40765,Michaela,Ramsak,F,51758,9999-01-01
40773,Shimshon,Aingworth,M,40000,9999-01-01
40983,Marla,Cherinka,F,40000,9999-01-01
41114,Petter,Thummel,M,60729,9999-01-01
41137,Bikash,Buchter,F,71921,9999-01-01
41357,Willard,Vernadat,M,59086,9999-01-01
41518,Keung,Schapiro,F,47399,9999-01-01
41520,Xiong,Uhrik,M,44818,9999-01-01
41609,Yucai,Simmen,F,60396,9999-01-01
42778,Shuji,Remmers,F,40000,9999-01-01
42911,Brigham,Eterovic,M,40181,9999-01-01
42950,Shaleah,Eickenmeyer,F,40000,9999-01-01
42955,Yucel,Lortz,M,40000,9999-01-01
43154,Maha,Waterhouse,F,69813,9999-01-01
43733,Huei,Boguraev,M,40000,9999-01-01
43848,Phillip,Oxenboll,M,40000,9999-01-01
44054,Alenka,Ritcey,M,40000,9999-01-01
44265,Maria,Eppinger,M,52444,9999-01-01
44540,Mingzeng,Sadowski,F,40000,9999-01-01
44900,Mark,Schwaller,F,47805,9999-01-01
44959,Volkmar,Uhrik,F,60432,9999-01-01
44962,Sariel,Wynblatt,F,40000,9999-01-01
45162,Dulce,Speel,F,58610,9999-01-01
46000,Zhaofang,Penn,F,40000,9999-01-01
46328,Wuxu,Trogemann,F,76950,9999-01-01
46811,Junsik,Berendt,M,52228,9999-01-01
46834,Tooru,Daescu,M,82569,9999-01-01
46943,Pasqua,Maraist,F,46091,9999-01-01
47016,Toong,Litecky,F,58961,9999-01-01
47139,Marco,Usdin,F,67283,9999-01-01
47262,Gonzalo,Binkley,M,40000,9999-01-01
47515,Naraig,Jenevein,M,50098,9999-01-01
47702,Juyoung,Vieri,F,84625,9999-01-01
47708,Edwin,Haldar,M,76137,9999-01-01
48275,Sariel,Massonet,F,67799,9999-01-01
48690,Hitomi,Schaap,M,47581,9999-01-01
48882,Leen,Lamparter,M,40000,9999-01-01
48904,Yuichiro,Malabarba,M,58807,9999-01-01
48947,Filipp,Akaboshi,M,57836,9999-01-01
49010,Kazuhisa,Benantar,F,63422,9999-01-01
49017,Filipp,Flanders,F,46622,9999-01-01
49119,Lena,Peek,F,55051,9999-01-01
49177,Tze,Bach,M,44995,9999-01-01
49464,Siddarth,Cappelletti,M,73678,9999-01-01
49477,Baocai,Leaver,F,40000,9999-01-01
50293,Xinan,Rindone,M,40000,9999-01-01
50311,Mooi,Stafford,M,40000,9999-01-01
50453,Aron,Harbusch,F,79402,9999-01-01
50670,Boguslaw,Snedden,F,64895,9999-01-01
50831,Marie,Khalid,M,52845,9999-01-01
51036,Chriss,Fasbender,F,55121,9999-01-01
51057,Theirry,Albarhamtoshy,M,58337,9999-01-01
51060,Youngkon,Rohrbach,M,42308,9999-01-01
51142,Rosine,Lakshmanan,F,46516,9999-01-01
52038,Chikako,Armand,M,52102,9999-01-01
52040,Phule,Heijenga,M,40000,9999-01-01
52283,Trygve,Krupka,M,44232,9999-01-01
52386,Adas,Denti,M,65342,9999-01-01
52590,Jouni,Munoz,M,45171,9999-01-01
52599,Augustine,Mungall,F,48897,9999-01-01
52639,Arup,Colorni,M,69976,9999-01-01
52770,Shugo,Yurek,M,65588,9999-01-01
52778,Alain,Penn,M,46041,9999-01-01
52956,Khalil,Picci,F,40000,9999-01-01
52970,Lobel,Werthner,M,47552,9999-01-01
53278,Premsyl,Lortz,M,67503,9999-01-01
53314,Eberhardt,Carrera,F,40000,9999-01-01
53431,Sham,Vasanthakumar,M,60379,9999-01-01
53499,Zdislav,Mandelberg,F,40000,9999-01-01
53597,Jiafu,Marchegay,M,41626,9999-01-01
53874,Bodo,Schade,M,51955,9999-01-01
53924,Arnould,Gaughan,F,40000,9999-01-01
54198,Shaowen,Segond,M,40000,9999-01-01
54632,Etsuo,Serot,M,43788,9999-01-01
54795,Sumant,Nergos,F,40000,9999-01-01
54800,Breannda,Cangellaris,M,74827,9999-01-01
55640,Adit,Syrotiuk,F,40000,9999-01-01
55687,Shih,Lindqvist,M,40000,9999-01-01
55799,Jianwen,Litzler,F,61980,9999-01-01
55857,Adin,Scallan,M,70416,9999-01-01
56105,Makato,Remmers,F,40000,9999-01-01
56209,Remzi,Douceur,M,54373,9999-01-01
56415,Sigeru,Nivat,M,51148,9999-01-01
56428,Olivera,Hanabata,M,43255,9999-01-01
56682,Roded,Picco,F,40000,9999-01-01
56829,Nagui,Gruenwald,M,40000,9999-01-01
56847,Menkae,Chinin,M,44031,9999-01-01
57934,Sanjoy,Boudaillier,M,82396,9999-01-01
58141,Bezalel,Karner,M,46317,9999-01-01
58147,Shigenori,Sullins,M,55703,9999-01-01
58384,Mariusz,Vural,F,40000,9999-01-01
58454,Ziya,Zambonelli,M,44411,9999-01-01
58497,Yechiam,Cairo,M,90613,9999-01-01
58819,Gennady,Liesche,F,71147,9999-01-01
58990,Palash,Trelles,M,47785,9999-01-01
59195,Ronnie,Pollock,M,50132,9999-01-01
59640,Zita,Hiltgen,F,45566,9999-01-01
59869,Zsolt,Riefers,M,56247,9999-01-01
59966,Steen,Salvesen,M,40000,9999-01-01
60000,Heekeun,Emmart,M,60002,9999-01-01
60091,Surveyors,Bade,F,46436,9999-01-01
60238,Erzsebet,Claffy,F,73612,9999-01-01
60559,Jeanna,Stemann,M,41261,9999-01-01
60821,Moty,Mersereau,F,44481,9999-01-01
60845,Bedir,Siegrist,F,71431,9999-01-01
60875,Rildo,Masaki,F,41164,9999-01-01
60959,Tetsushi,Sridhar,M,62352,9999-01-01
61147,Leszek,Werthner,M,64737,9999-01-01
61253,Cheong,Uhrik,M,40000,9999-01-01
61377,Dannz,Ohori,M,40000,9999-01-01
61541,Kasidit,Papsdorf,M,49649,9999-01-01
61873,Woody,Rusmann,M,40000,9999-01-01
62033,Heeju,Cappelli,M,69343,9999-01-01
62046,Karlis,Nanard,M,54073,9999-01-01
62245,Adel,Bressoud,F,40000,9999-01-01
63294,Tetsushi,Tanemo,M,40000,9999-01-01
63419,Hiroyasu,Seuren,F,40000,9999-01-01
63441,Hinrich,Scallan,F,40000,9999-01-01
63566,Heekeun,Slaats,F,40000,9999-01-01
63631,Falguni,Cherinka,M,40000,9999-01-01
63706,Sedat,Itzigehl,F,46185,9999-01-01
64023,Laurentiu,Benzmuller,M,45861,9999-01-01
64209,Golgen,Schoegge,M,40000,9999-01-01
64487,Tsutomu,Rebaine,M,42874,9999-01-01
64532,Atilio,Segond,M,76024,9999-01-01
64632,Zsolt,Brender,F,74384,9999-01-01
64790,Shin,Piveteau,M,59783,9999-01-01
64828,Krister,Pappas,F,61091,9999-01-01
64984,Eldridge,Eldridge,F,40000,9999-01-01
65171,Jeane,Tasistro,M,71349,9999-01-01
65539,Aksel,Picaronny,M,60784,9999-01-01
65883,Patricia,Pepe,M,93721,9999-01-01
65998,Mandell,Alameldin,F,85937,9999-01-01
66382,Domenico,Candan,F,55428,9999-01-01
66530,Dung,Leaver,M,40000,9999-01-01
66643,Jianhao,Tomescu,F,41133,9999-01-01
66702,Deniz,Thibadeau,F,52161,9999-01-01
66757,Yonghong,Baig,M,46812,9999-01-01
66807,Aiman,Rosaz,F,50982,9999-01-01
67320,Sadok,Lorys,M,89952,9999-01-01
67548,Fumitaka,Roohalamini,M,40000,9999-01-01
67934,Aiman,Gargeya,M,54347,9999-01-01
68416,Munenori,Debuse,F,54132,9999-01-01
68608,Yucai,Seghrouchni,M,47652,9999-01-01
68633,Chinhyun,Rassart,F,60777,9999-01-01
68648,Jaques,DiGiano,M,55150,9999-01-01
69052,Shietung,Shrader,M,42091,9999-01-01
69219,Shuky,Redmiles,F,75769,9999-01-01
69867,Miyeon,Rothe,M,82080,9999-01-01
69878,Chinya,Cooke,M,46063,9999-01-01
69936,Lalit,Unni,F,50124,9999-01-01
70469,Tru,Miyakawa,M,49746,9999-01-01
70990,Arumugam,Nitta,F,56701,9999-01-01
71066,Domenick,Basart,F,78430,9999-01-01
71141,Sajjad,Vitiello,F,40000,9999-01-01
71188,Pranjal,Schapiro,M,64557,9999-01-01
71243,Kinh,Buchter,F,51345,9999-01-01
71334,Cathie,Peck,M,40000,9999-01-01
71685,Kristinn,Olano,F,40000,9999-01-01
71710,Hitomi,Takanami,F,43204,9999-01-01
71745,Adil,Laventhal,M,40000,9999-01-01
72190,Sajjad,Waeselynck,F,43105,9999-01-01
72194,Feiyu,Siepmann,M,70267,9999-01-01
72232,Naraig,Veldwijk,F,61027,9999-01-01
72640,Honglan,Hutton,F,40000,9999-01-01
72918,Takahira,Szilard,M,73810,9999-01-01
73076,Froduald,Feldhoffer,F,44141,9999-01-01
73233,Shigeo,Merey,F,43651,9999-01-01
73516,Qingxiang,Badache,F,40000,9999-01-01
73743,Anneke,Bernardeschi,M,40000,9999-01-01
74200,Holgard,Weiland,F,40000,9999-01-01
74344,Hiroyasu,Provine,M,40000,9999-01-01
74668,Masako,Bonifati,F,56031,9999-01-01
74800,Yuuichi,Conde,F,40000,9999-01-01
75354,Shuky,Jakobus,M,40000,9999-01-01
75703,Kyoichi,Erman,M,40000,9999-01-01
76189,Kolar,Hinsberger,F,47490,9999-01-01
76201,Arif,Preusig,M,45799,9999-01-01
76640,Tristan,Mitsuhashi,M,40000,9999-01-01
77030,Faiza,Garnham,F,47503,9999-01-01
77303,Xinglin,Birge,F,48808,9999-01-01
77647,Niranjan,Schaaf,F,42981,9999-01-01
77815,Ronghao,Picaronny,M,46164,9999-01-01
78106,Ashish,Ratnaker,M,73059,9999-01-01
78363,Susumu,Fritzsche,M,40030,9999-01-01
78469,Leucio,Cappelli,M,40000,9999-01-01
78871,Conor,Ghandeharizadeh,M,63067,9999-01-01
79043,Katsuo,Hockney,M,62200,9999-01-01
79171,Guiseppe,Ellozy,M,44193,9999-01-01
79310,Jeong,Cunliffe,F,43707,9999-01-01
79606,Arnd,Peir,F,50381,9999-01-01
79763,Sanjoy,Barreiro,M,80428,9999-01-01
79895,Fei,Murtagh,M,51534,9999-01-01
80067,Kazuhisa,Weiland,M,40000,9999-01-01
80203,Shakhar,Baik,M,41466,9999-01-01
80432,Stella,Figueira,F,56584,9999-01-01
80731,Shaowen,Eldridge,M,54475,9999-01-01
80850,Koldo,Luit,M,55815,9999-01-01
80889,Shigeo,Linnainmaa,F,60339,9999-01-01
80948,Harjit,Bardell,M,40000,9999-01-01
81105,Jaewon,Boissier,M,51686,9999-01-01
81545,Larisa,Kornyak,M,40000,9999-01-01
81644,Divine,Ghandeharizadeh,M,96620,9999-01-01
81995,Sreekrishna,Brender,M,41280,9999-01-01
82069,Yechezkel,Perfilyeva,F,40000,9999-01-01
82098,Poornachandra,Wilharm,F,65236,9999-01-01
82351,Stevo,Thambidurai,F,40000,9999-01-01
82511,Uwe,Koblick,F,40000,9999-01-01
82919,Shigeu,Claffy,M,40000,9999-01-01
82928,Alselm,Rikino,F,60112,9999-01-01
83280,Francesca,Ellozy,M,53451,9999-01-01
83289,Shigeichiro,Engelmann,M,40000,9999-01-01
83509,Breannda,Collavizza,M,40000,9999-01-01
83544,Leaf,Baak,M,64345,9999-01-01
83714,Ohad,Kilgore,M,43736,9999-01-01
83805,Manohar,Harllee,F,81354,9999-01-01
83941,Zsolt,Hagimont,F,40000,9999-01-01
84029,Babette,Eugenio,F,40000,9999-01-01
84179,Shuichi,Nanard,F,40000,9999-01-01
84236,Eberhardt,Barriga,F,79481,9999-01-01
84315,Kristina,Baumann,M,40000,9999-01-01
84451,Shiv,Aumann,M,52930,9999-01-01
84508,Tommaso,Vidya,M,40000,9999-01-01
84840,Sverrir,Neimat,M,40000,9999-01-01
84922,Parke,Unno,F,40000,9999-01-01
84942,Shin,Fujisaki,F,40000,9999-01-01
85216,Ferdinand,Rosiles,F,50873,9999-01-01
85288,Younwoo,Luders,M,59922,9999-01-01
85414,Chiradeep,Callaway,F,46065,9999-01-01
85445,Yongdong,Pollock,M,64616,9999-01-01
85702,Udi,Merks,M,46279,9999-01-01
85874,Pasqua,Taubman,F,45034,9999-01-01
86213,Kristine,Clemencon,M,58095,9999-01-01
86354,Ronghao,Segond,F,66984,9999-01-01
86422,Jaewon,Thummel,F,40000,9999-01-01
86546,Oldrich,Woycyznski,F,40000,9999-01-01
86655,Zhenhua,Lorys,F,42987,9999-01-01
86672,JoAnne,Anido,F,40000,9999-01-01
87129,Keung,Neiman,F,63824,9999-01-01
87353,Quingbo,Coombs,M,54168,9999-01-01
87714,Khun,Janetzko,M,40000,9999-01-01
87729,Yongmin,Roccetti,M,40000,9999-01-01
87783,Conor,Thorensen,M,61557,9999-01-01
88103,Goo,Bresenham,M,81862,9999-01-01
88411,Lena,Cannane,F,40000,9999-01-01
88422,Jungsoon,Birsak,M,67886,9999-01-01
88647,Vasiliy,Ratnaker,M,47900,9999-01-01
88958,Vojin,Coombs,F,68392,9999-01-01
88965,Mang,Hedayat,F,45594,9999-01-01
89048,Otmar,Birjandi,F,60750,9999-01-01
89090,Tetsushi,Theuretzbacher,F,47091,9999-01-01
89161,Conal,Yetto,M,40000,9999-01-01
89207,Along,Erol,F,40000,9999-01-01
89346,Mansur,Comyn,M,45781,9999-01-01
89590,Guther,Rothenberg,F,67868,9999-01-01
89664,Pranjal,Rossi,M,59064,9999-01-01
89680,Aiman,Mawatari,F,40000,9999-01-01
89806,Xiadong,Shinomoto,M,40000,9999-01-01
89922,Alexius,Ibel,M,62911,9999-01-01
89941,Arnould,Weedman,F,55028,9999-01-01
90077,Vivian,Guerreiro,M,45948,9999-01-01
90084,Renny,Bale,M,45685,9999-01-01
90211,Bader,Denis,F,40000,9999-01-01
90292,Koichi,Assaf,M,40491,9999-01-01
90518,Fumiko,Chepyzhov,M,42375,9999-01-01
90614,Yonghoan,Trogemann,M,44589,9999-01-01
90692,Rajmohan,DasSarma,M,40000,9999-01-01
91172,Kazuhisa,Melter,M,40000,9999-01-01
91182,Lucien,Schwartzburd,F,44702,9999-01-01
91229,Yahiko,Hebden,M,40000,9999-01-01
91256,Gunilla,Milicic,M,81518,9999-01-01
91333,Lobel,Stafford,M,54313,9999-01-01
91415,Jamaludin,Nilsson,M,50426,9999-01-01
91648,Dmitry,Msuda,F,84094,9999-01-01
92438,Aria,Kilgore,M,54543,9999-01-01
92454,Visit,McFarlan,M,40000,9999-01-01
92577,Zhanqiu,Farrow,M,40000,9999-01-01
92598,Ranga,Merro,M,56144,9999-01-01
92685,Mang,Atchley,M,55634,9999-01-01
92841,Claude,Candan,M,78441,9999-01-01
92846,Anyuan,Kropatsch,M,44033,9999-01-01
92920,Huei,Hutter,M,40000,9999-01-01
93040,Jaques,Kabayashi,F,56125,9999-01-01
93220,Richara,Walston,M,47553,9999-01-01
93278,Magdalena,Penn,F,49314,9999-01-01
93549,Arie,Coullard,F,81468,9999-01-01
93600,Kristina,Neimat,M,40000,9999-01-01
94331,Ramzi,Cronau,M,40000,9999-01-01
94416,Aran,Cesareni,F,61048,9999-01-01
94761,Hitofumi,Zaccaria,M,48772,9999-01-01
94944,Heping,Matheson,M,57985,9999-01-01
95181,Yishai,Cappelli,F,66810,9999-01-01
95286,Kristin,Guerreiro,F,40000,9999-01-01
95314,Rasiah,Koblick,F,69833,9999-01-01
95406,Alair,Lyonns,M,40000,9999-01-01
95416,Gianluca,Ramaiah,M,51499,9999-01-01
95509,Kristinn,Loncour,F,40000,9999-01-01
95920,Nobuyoshi,Hegner,F,61744,9999-01-01
96571,Kokou,Garrabrants,F,47390,9999-01-01
96579,Mohan,Tasistro,M,50866,9999-01-01
96767,Arumugam,Vecchio,F,68591,9999-01-01
97018,Jeanna,Chinen,F,44400,9999-01-01
97623,Haldon,Janetzko,M,45153,9999-01-01
97661,Avishai,Hegner,M,46725,9999-01-01
98288,Sumali,Huttel,F,43445,9999-01-01
98306,Ziya,Kadhim,M,58503,9999-01-01
98639,Florina,Assaf,M,40000,9999-01-01
99057,Shugo,Reeken,M,40000,9999-01-01
99373,Xiaobin,Christianini,M,40000,9999-01-01
99377,Carrsten,Francisci,F,51127,9999-01-01
99590,Dhritiman,Anily,F,86023,9999-01-01
99654,Mahendra,Motley,F,58667,9999-01-01
100865,Hisao,Peral,M,84451,9999-01-01
100916,Heejo,Aamodt,M,58123,9999-01-01
101487,Abdelaziz,Sury,M,60348,9999-01-01
101647,Mori,Homond,M,69247,9999-01-01
101902,Mantis,Millington,M,58037,9999-01-01
102620,Adin,Templeman,M,45060,9999-01-01
103196,Djenana,Albarhamtoshy,M,40000,9999-01-01
103310,Visit,Swen,F,66244,9999-01-01
103316,Susanne,Peternell,M,45189,9999-01-01
103342,Beshir,Hellwagner,M,40000,9999-01-01
103756,Heping,Halloran,M,40000,9999-01-01
104133,Pranjal,Zyda,M,92751,9999-01-01
104845,Werner,Lodder,M,54489,9999-01-01
104988,Parviz,Litzler,M,71970,9999-01-01
105342,Kwun,Reeker,F,61529,9999-01-01
105356,Diederik,Matzov,M,43737,9999-01-01
105432,Mohamadou,Stafford,M,55985,9999-01-01
105520,Haldun,Lienhardt,M,71995,9999-01-01
105731,Sachem,Cromarty,F,48369,9999-01-01
106096,Naftali,Schurmann,M,40000,9999-01-01
106242,Nevio,Thisen,M,40000,9999-01-01
106695,Lijie,Garrabrants,F,52364,9999-01-01
106710,Babette,Anandan,M,60537,9999-01-01
107486,Siamak,Luiz,F,40000,9999-01-01
107737,Fabrizio,Chleq,M,70367,9999-01-01
107792,Shahab,Crooks,M,80432,9999-01-01
107828,Ramya,Walston,M,78757,9999-01-01
108091,Hisao,Ghemri,M,56381,9999-01-01
108198,Randi,Samarati,F,42904,9999-01-01
108316,Shai,Stellhorn,F,40000,9999-01-01
108988,Oksana,Baek,M,60335,9999-01-01
109062,Jamaludin,Kandlur,M,45396,9999-01-01
109211,Gor,Delgrande,M,40000,9999-01-01
109252,Moty,Winter,M,40000,9999-01-01
109278,Bangqing,Schach,M,57911,9999-01-01
109552,Menkae,Etalle,F,49886,9999-01-01
109598,Stamatina,Auyong,M,59483,9999-01-01
109620,Mani,Cannata,F,68293,9999-01-01
109703,Arco,Walston,M,46705,9999-01-01
109741,Hatem,Fadgyas,M,40000,9999-01-01
109953,Godehard,Chorvat,F,56632,9999-01-01
200267,Chuanti,Luff,M,40000,9999-01-01
200312,Akemi,Fujisaki,F,40000,9999-01-01
200363,Kirk,Quaggetto,F,54013,9999-01-01
200735,Dinah,Denos,F,65769,9999-01-01
200789,Susumu,Camurati,F,65044,9999-01-01
201229,Alejandra,Khasidashvili,M,49086,9999-01-01
201708,Anneli,Perl,F,40000,9999-01-01
201709,Fan,Kakkad,M,78121,9999-01-01
201739,Genta,Terekhov,F,57310,9999-01-01
201801,Waiman,Genin,M,50795,9999-01-01
201915,Sudharsan,DeMori,M,62133,9999-01-01
202291,Ortrun,Schmiedel,F,63773,9999-01-01
202403,Gully,Perko,F,40000,9999-01-01
202414,Zvonko,Murthy,F,50945,9999-01-01
202552,Morris,Saoudi,M,40000,9999-01-01
202826,Kerhong,Matzke,M,40000,9999-01-01
202882,Isaac,Koshino,M,40000,9999-01-01
202950,Giordano,Pietrzykowski,F,40000,9999-01-01
203474,Hugh,Jonsson,M,71401,9999-01-01
203495,Zongyan,Gips,M,40000,9999-01-01
203599,Ewing,DiGiano,M,41382,9999-01-01
203720,Sasan,Thimonier,M,72078,9999-01-01
203946,Yefim,Marwedel,F,56594,9999-01-01
204117,Jessie,Nooteboom,M,80942,9999-01-01
204133,Susuma,Bergere,M,56752,9999-01-01
204246,Arve,Worfolk,M,40000,9999-01-01
204425,Gretta,Huttel,F,40000,9999-01-01
204470,Hein,Lichtner,M,55499,9999-01-01
204471,Franziska,Maginnis,F,40000,9999-01-01
204764,Susanne,Mandelberg,M,47854,9999-01-01
205018,Yahiko,Awdeh,M,55086,9999-01-01
205085,Moni,Kornyak,M,43219,9999-01-01
205174,Leszek,Spinelli,M,55525,9999-01-01
205500,Mary,Setiz,F,40000,9999-01-01
205627,Stabislas,Broder,M,40000,9999-01-01
205660,Kien,Barreiro,M,40000,9999-01-01
205699,Youjian,Yetto,M,55096,9999-01-01
205789,Limsoon,Skafidas,M,49886,9999-01-01
205863,Aiichiro,Kusalik,M,48877,9999-01-01
206748,Yucai,Fabrizio,F,62756,9999-01-01
206836,Guadalupe,Pfau,M,48691,9999-01-01
206966,Tzu,Sichman,M,61861,9999-01-01
207021,Jacqueline,Akaboshi,M,46523,9999-01-01
207068,Zhiguo,Ariola,M,63190,9999-01-01
207204,Kellie,Schrooten,M,40000,9999-01-01
207401,Shuji,Barbanera,M,47070,9999-01-01
207551,Baziley,Falck,M,40000,9999-01-01
207779,Chinya,Kamble,M,48113,9999-01-01
207980,Remko,Vieth,M,40000,9999-01-01
208147,Manu,Rothenberg,M,57788,9999-01-01
208330,Shen,Flanders,F,80127,9999-01-01
208639,Larisa,Lukaszewicz,M,64461,9999-01-01
208653,Phillip,Schade,F,54926,9999-01-01
208784,Pranjal,Juneja,F,40000,9999-01-01
209101,Xinyu,Edelhoff,M,50790,9999-01-01
209443,Krassimir,Garnier,M,54723,9999-01-01
209565,Dante,Covnot,M,40000,9999-01-01
209712,Nimmagadda,Baak,F,65975,9999-01-01
210017,Shalesh,Lovengreen,M,40000,9999-01-01
210292,Lihong,Zeilberger,M,42520,9999-01-01
210449,Gino,Lagarias,M,47376,9999-01-01
210752,Saniya,Stenning,F,47970,9999-01-01
210786,Werner,Ranze,M,52846,9999-01-01
211858,Domenico,Ratnaker,F,43498,9999-01-01
211879,Gao,Ranze,F,40000,9999-01-01
211967,Anwar,Bain,M,40704,9999-01-01
212093,Leni,Henders,M,40000,9999-01-01
212154,Sailaja,Holburn,M,41645,9999-01-01
212361,Claudi,Stanfel,M,40000,9999-01-01
213016,Yongmao,Fontan,M,40596,9999-01-01
213140,Tru,Danecki,M,72365,9999-01-01
213384,Pranas,Narwekar,F,41608,9999-01-01
213447,Armond,Perly,M,57808,9999-01-01
214215,Xiaoqiang,Cardazo,M,90603,9999-01-01
214391,Rayond,Klassen,F,46462,9999-01-01
214427,Peer,Molberg,F,62160,9999-01-01
214539,Ingmar,Kohling,F,64488,9999-01-01
214634,Shirish,Vickson,F,48826,9999-01-01
214789,Arfst,Chepyzhov,F,40000,9999-01-01
214866,Gopalakrishnan,Angel,F,40000,9999-01-01
214995,Dinkar,Hoppenstand,M,40000,9999-01-01
215419,Flemming,Kroha,M,40000,9999-01-01
215629,Munehiro,Manders,M,40000,9999-01-01
215746,Sven,Speer,M,79967,9999-01-01
215843,Pramod,Loncour,F,47164,9999-01-01
216054,Sahrah,Angiulli,M,40000,9999-01-01
216342,Aiichiro,Cromarty,M,40000,9999-01-01
216375,Byong,Gustavson,M,59674,9999-01-01
216502,Xiaocheng,Suermann,F,63256,9999-01-01
216573,Ashish,Vidya,F,41448,9999-01-01
216921,Lena,Lenart,F,51601,9999-01-01
217026,Otmar,Engberts,F,51335,9999-01-01
217080,Masami,Puoti,M,40000,9999-01-01
217272,Yuchang,Eldridge,M,56909,9999-01-01
217286,Yannik,Spelt,F,40000,9999-01-01
217320,Abdelwaheb,Denis,F,40000,9999-01-01
217363,Horward,Marzano,M,74333,9999-01-01
217387,Jianhao,Molenaar,M,40000,9999-01-01
217551,Panayotis,Lukaszewicz,F,41730,9999-01-01
217800,Shay,Servieres,F,52924,9999-01-01
218022,Mokhtar,Poupard,M,46593,9999-01-01
218100,Jiong,Garnham,M,40000,9999-01-01
218831,Unal,DuBourdieux,F,99378,9999-01-01
219035,Kristine,Bierman,F,40000,9999-01-01
219047,Aemilian,Kusalik,M,40000,9999-01-01
219052,Marsal,Acton,F,62703,9999-01-01
219417,Subhrajyoti,Denna,M,47152,9999-01-01
219497,Moie,Zastre,F,40929,9999-01-01
219967,Susanna,Reeken,F,47439,9999-01-01
220029,Demos,Asser,F,43792,9999-01-01
220131,Reinhard,Slaats,F,48012,9999-01-01
220418,Poorav,Laventhal,F,73906,9999-01-01
220528,Sibyl,Rabehasaina,M,42934,9999-01-01
220582,Poornachandra,Zielinski,M,54228,9999-01-01
220611,Yuping,Babb,F,40000,9999-01-01
220625,Shigenori,Deville,F,40000,9999-01-01
220699,Nahid,Gyimothy,M,40000,9999-01-01
220799,Perla,Orlowska,F,51087,9999-01-01
221126,Tesuya,dAstous,F,40000,9999-01-01
221367,Saddek,Farris,F,42249,9999-01-01
221369,Abdulah,Pocchiola,F,52230,9999-01-01
221435,Djenana,Marrevee,M,68650,9999-01-01
221973,Sangeeta,Kalefeld,F,59010,9999-01-01
222206,Stein,Uludag,M,40000,9999-01-01
222311,Miyeon,Billingsley,M,53877,9999-01-01
222319,Matt,Chvatal,M,40000,9999-01-01
222354,Valdiodio,Schlumberger,F,40000,9999-01-01
222616,Badri,Schapire,F,40000,9999-01-01
222770,Kazuhiko,Kushner,F,49344,9999-01-01
222878,Annemarie,Zallocco,F,42172,9999-01-01
222926,Limsoon,Erol,M,40000,9999-01-01
222952,Gopalakrishnan,Suermann,M,51100,9999-01-01
222998,Leaf,Awdeh,M,51391,9999-01-01
223593,Hidefumi,Moehrke,M,56912,9999-01-01
223595,Chiranjit,Dredge,M,44999,9999-01-01
224135,Annemarie,Bressoud,F,43178,9999-01-01
224335,Perry,Chachaty,F,54702,9999-01-01
224390,True,Shobatake,M,40000,9999-01-01
224934,George,Miake,M,40000,9999-01-01
225438,Remmert,Quaggetto,M,78303,9999-01-01
225601,Masasuke,Genin,M,40000,9999-01-01
225788,Ipke,Kieras,M,40000,9999-01-01
225867,Ramalingam,Remmele,M,40000,9999-01-01
225964,Mooi,Cooman,F,52478,9999-01-01
226216,Giordano,Gini,F,40000,9999-01-01
226227,Herbert,Erva,M,55409,9999-01-01
227354,Gio,Murtha,F,49256,9999-01-01
227476,Macha,Schnabel,M,73795,9999-01-01
227681,Mikhail,Rousseau,F,45519,9999-01-01
227899,Garnik,Luce,F,61605,9999-01-01
227901,Francesca,Azuma,F,40000,9999-01-01
228098,IEEE,Kroll,M,40000,9999-01-01
228248,Yuriy,Plump,F,54431,9999-01-01
228554,Bilhanan,Brendel,F,71741,9999-01-01
228766,Nahla,Smailagic,F,86747,9999-01-01
229098,Berry,Yurek,F,41874,9999-01-01
229220,Fabrizio,Lichtman,F,40000,9999-01-01
229248,Harjit,Terekhov,M,40000,9999-01-01
229386,Pohua,Tasistro,F,60980,9999-01-01
229391,Paloma,Henseler,M,50035,9999-01-01
229404,Gilbert,Kilgour,M,55086,9999-01-01
229547,Moni,Schach,M,61762,9999-01-01
229727,Ewing,Millington,M,43638,9999-01-01
229981,Jamaludin,Fordan,M,56315,9999-01-01
230002,Tadahiro,Backhouse,F,84438,9999-01-01
230126,Bezalel,Radivojevic,M,40000,9999-01-01
230287,Renny,Alameldin,M,40000,9999-01-01
230354,Yinghua,Lorho,F,40000,9999-01-01
230498,Kolar,Puppo,M,40000,9999-01-01
230579,Shahar,Negoita,M,60150,9999-01-01
230689,Dietrich,Crabtree,F,45823,9999-01-01
230865,Takushi,Brattka,M,61136,9999-01-01
231069,Trygve,Siksek,F,88709,9999-01-01
231459,Nectarios,Pramanik,M,55246,9999-01-01
231671,Chandrasekaran,Pearson,F,40000,9999-01-01
231798,Goetz,Alvarado,M,46062,9999-01-01
232178,Etsuo,Anandan,F,40000,9999-01-01
232209,Nitsan,Rouquie,M,46339,9999-01-01
232697,Barry,Ramsak,F,40000,9999-01-01
232723,Tesuya,Bugrara,M,40000,9999-01-01
233114,Alselm,Gargeya,M,78365,9999-01-01
233394,Khalid,Lenart,M,40000,9999-01-01
233397,Fay,Sundgren,M,63272,9999-01-01
233426,Etsuo,Usery,M,40990,9999-01-01
233690,Cedric,Riefers,F,47246,9999-01-01
233759,Zissis,Lodder,F,40000,9999-01-01
233765,Kotesh,Chachaty,F,47195,9999-01-01
233785,Baziley,Ballarin,F,88012,9999-01-01
233818,Kellie,Heydon,M,40000,9999-01-01
234195,Luerbio,Terkki,M,50836,9999-01-01
234739,Foong,Aamodt,M,40000,9999-01-01
235017,Irena,Dratva,M,66452,9999-01-01
235096,Sverrir,Gyimothy,M,75886,9999-01-01
235325,Gro,Prochazka,M,40000,9999-01-01
235368,Anneli,Joslin,M,40000,9999-01-01
235458,Gio,Heuser,M,46139,9999-01-01
235729,Henk,Anger,M,52272,9999-01-01
235780,Sampalli,Bergere,F,40000,9999-01-01
235793,Jayesh,Spinelli,F,61027,9999-01-01
236315,IEEE,Raczkowsky,M,40000,9999-01-01
236566,Yechezkel,Maginnis,F,40000,9999-01-01
236591,Insup,Reinhard,M,63990,9999-01-01
236827,Almudena,Rijckaert,F,40000,9999-01-01
236883,Huan,Olivero,F,72410,9999-01-01
236964,Adel,Foote,M,85659,9999-01-01
238112,Miomir,Frezza,F,40000,9999-01-01
238252,Uno,Suppi,M,48008,9999-01-01
238422,Vishv,Angelov,M,40000,9999-01-01
238949,Minghong,Cronin,F,55007,9999-01-01
239067,Tadahiko,Pocchiola,M,90988,9999-01-01
239244,Abdulla,Kitai,M,58738,9999-01-01
239415,Susumu,Brender,M,48404,9999-01-01
239426,Vesna,Fairtlough,F,40000,9999-01-01
239664,Sugwoo,Michaels,F,40000,9999-01-01
239706,Arunas,Bugrara,M,58498,9999-01-01
239748,Bilhanan,Dusink,F,69092,9999-01-01
239803,Oscal,Ernst,M,40000,9999-01-01
240132,Mizuhito,Kobara,F,56439,9999-01-01
240236,True,Tischendorf,M,40000,9999-01-01
240285,Kolar,Greenaway,M,45885,9999-01-01
240340,Mack,Staylopatis,M,40000,9999-01-01
240438,Temple,Cyre,M,62140,9999-01-01
240870,Francesca,Chorvat,M,40000,9999-01-01
241100,Cedric,Molenaar,M,40000,9999-01-01
241254,Jagoda,Anguita,F,40000,9999-01-01
241292,Uri,Lampe,M,42997,9999-01-01
241567,Emran,Miara,M,40000,9999-01-01
241667,Atilio,Olivero,M,56580,9999-01-01
241728,Limsoon,Boudaillier,F,52540,9999-01-01
241872,Bluma,Fetvedt,F,40000,9999-01-01
242019,Herb,Murrill,F,50527,9999-01-01
242081,Tomokazu,Pargas,M,50182,9999-01-01
242104,Richara,Sudkamp,F,57772,9999-01-01
242500,Bingning,Iisaku,M,76979,9999-01-01
242800,Kazuyasu,Levergood,F,46401,9999-01-01
243018,Bowen,Deverell,F,62716,9999-01-01
243077,Kazunori,Perz,F,54935,9999-01-01
243576,Abdulah,Lodder,M,60593,9999-01-01
243637,Marjo,Delgrange,F,60619,9999-01-01
243898,Arch,Basawa,M,58876,9999-01-01
244308,Mokhtar,Rebaine,F,51276,9999-01-01
244605,Masoud,Suwa,M,40000,9999-01-01
244624,Boaz,Seuren,F,40000,9999-01-01
244711,Rosli,Butner,M,56130,9999-01-01
244714,Poorav,Clouatre,F,50839,9999-01-01
244820,Shigenori,Hertweck,F,54013,9999-01-01
244873,Arunachalam,Oppitz,M,82148,9999-01-01
245164,Filipp,Winter,F,57847,9999-01-01
245396,Gift,Bottner,M,40000,9999-01-01
245664,Manohar,Kilgore,M,68558,9999-01-01
246146,Zhongwei,Melski,F,57332,9999-01-01
246244,George,Casperson,F,53305,9999-01-01
246364,Alper,Tiemann,M,72695,9999-01-01
246764,Shuzo,Czaja,M,71627,9999-01-01
246798,Tianruo,Strooper,F,96152,9999-01-01
246902,Shih,Shanbhogue,M,40000,9999-01-01
247089,Seongbae,Schahn,M,66089,9999-01-01
247122,Xiaobin,Narlikar,F,40000,9999-01-01
247447,Tzu,Bakhtari,M,45800,9999-01-01
247456,Masako,Bahk,F,61394,9999-01-01
247612,Chiranjit,Constantine,F,40000,9999-01-01
247875,Xiong,Anick,M,77461,9999-01-01
247888,Abdelghani,Lagarias,M,40000,9999-01-01
248256,Sajjan,Falby,M,68786,9999-01-01
248351,Jaana,Milicia,M,55386,9999-01-01
248758,Snehasis,Muhlberg,M,79398,9999-01-01
248953,Percy,Sudbeck,M,47201,9999-01-01
249239,Hideyuki,Decleir,M,40000,9999-01-01
249325,Ute,Pokrovskii,M,82809,9999-01-01
249433,Ayonca,Matzov,F,50915,9999-01-01
249504,Dmitry,Velardi,M,40000,9999-01-01
249780,Nechama,Gaughan,F,56733,9999-01-01
249799,Jolita,Neimat,M,41338,9999-01-01
249866,Steen,Gubsky,M,49410,9999-01-01
249969,Georgi,Luiz,M,73578,9999-01-01
250411,Ranga,Sommen,F,54722,9999-01-01
250452,Alexius,Plavsic,M,55615,9999-01-01
250748,Kish,Turnbull,F,40000,9999-01-01
251166,Hinrich,Hooghiemstra,M,74699,9999-01-01
251233,Yucel,Bernini,M,47919,9999-01-01
251301,Pintsang,Impagliazzo,M,51640,9999-01-01
251341,Divier,Kumaresan,M,40000,9999-01-01
251403,Utpal,DuBourdieux,M,40000,9999-01-01
251437,Shichao,Iwayama,M,40000,9999-01-01
251645,Bezalel,Tsunoo,M,54614,9999-01-01
251680,Moty,Sommen,F,54883,9999-01-01
251814,Mitsuyuki,Zockler,M,42555,9999-01-01
252185,Chaosheng,Conta,F,44552,9999-01-01
252316,Gill,Niizuma,F,46232,9999-01-01
252392,Sanjeeva,Peron,M,40000,9999-01-01
253029,Thodoros,Thimonier,M,40000,9999-01-01
253707,Insup,Hainaut,M,57777,9999-01-01
253838,Stafford,Terlouw,M,40000,9999-01-01
253893,Huiqun,Trystram,M,44376,9999-01-01
254044,Gunilla,Brendel,M,40000,9999-01-01
254399,Armond,Lores,M,58503,9999-01-01
254821,Tonny,Couchot,M,58821,9999-01-01
255466,Huan,Roccetti,M,53964,9999-01-01
255657,Oldrich,Cyre,F,40000,9999-01-01
255779,Heejo,Merle,M,40000,9999-01-01
256216,Halsur,Brodal,F,40000,9999-01-01
256856,Hongzue,Barbanera,M,40000,9999-01-01
256881,Ioana,Jakobus,M,45924,9999-01-01
256888,Heather,Pehl,F,50006,9999-01-01
257062,Stabislas,Pardalos,F,53285,9999-01-01
257378,Pascal,Bernatsky,F,45349,9999-01-01
257469,Anyuan,Hanratty,F,53367,9999-01-01
257484,Shaowei,Nicolson,M,40000,9999-01-01
258028,Mountaz,Reinhart,F,55108,9999-01-01
258124,Mariusz,Zolotykh,F,84665,9999-01-01
258470,Weiwu,Butner,F,98002,9999-01-01
258643,Przemyslawa,Esposito,F,47581,9999-01-01
259042,Xiaoqiang,Farrow,M,67056,9999-01-01
259237,Palash,Gammage,F,40000,9999-01-01
259273,Xiahua,Gomatam,F,52325,9999-01-01
259611,Shuichi,Marrakchi,M,57203,9999-01-01
259619,Conal,Magliocco,F,41263,9999-01-01
259718,Stepehn,Bouloucos,M,57915,9999-01-01
260153,Mingdong,Baar,F,71781,9999-01-01
260249,Vugranam,Beausoleil,F,49234,9999-01-01
260361,Reinhold,Rahier,M,40000,9999-01-01
260399,Hatem,Birsak,F,63485,9999-01-01
260408,Sasan,Brookner,M,40000,9999-01-01
260501,Dzung,Pargas,M,59070,9999-01-01
261184,Masako,Kornatzky,M,51696,9999-01-01
261631,Jianhua,Huttel,M,48817,9999-01-01
261662,Berni,Assaf,F,64577,9999-01-01
261737,Mark,Lindqvist,M,40000,9999-01-01
261986,Gila,Ramsak,F,50346,9999-01-01
261990,Volkmar,Czaja,M,55592,9999-01-01
262208,Mrinalini,Holburn,M,82779,9999-01-01
262210,Chinho,Bottner,M,50052,9999-01-01
262328,Mayuko,Vural,F,63741,9999-01-01
262439,Lorien,Lagarias,F,78223,9999-01-01
262636,Tamiya,Reutenauer,F,62056,9999-01-01
262752,Pramod,Bierman,M,63602,9999-01-01
262928,Piyush,Gill,M,40000,9999-01-01
263012,Hideo,Buchter,F,40755,9999-01-01
263186,Danny,Lowrie,M,40000,9999-01-01
263370,Shakhar,Ranze,M,76883,9999-01-01
263439,Atreye,Kabayashi,M,40000,9999-01-01
263645,Mingsen,Lally,M,62104,9999-01-01
263649,Mechthild,Zongker,M,67578,9999-01-01
263926,Fusako,Schwartzbauer,F,43694,9999-01-01
264030,Zdislav,Solares,M,40000,9999-01-01
264167,Baoqiu,Tomescu,M,59581,9999-01-01
264322,Leandro,Swist,F,58053,9999-01-01
264626,Noritoshi,Bakhtari,M,40000,9999-01-01
264939,Bogdan,Bahi,M,40000,9999-01-01
265039,Navid,Staudhammer,F,71928,9999-01-01
265521,Kensei,Salverda,M,52088,9999-01-01
265558,Susuma,Kleiser,M,79792,9999-01-01
265794,Miquel,Halloran,M,83098,9999-01-01
265875,Fan,Marsiglia,M,44708,9999-01-01
266206,Zsolt,Anily,F,63169,9999-01-01
266249,Sumant,Nishimukai,M,65301,9999-01-01
266310,Zvonko,Serdy,F,40000,9999-01-01
266644,Anwar,Gubsky,F,40000,9999-01-01
266862,Mart,Plumb,F,40000,9999-01-01
266881,Mokhtar,Sabnani,M,40000,9999-01-01
267059,Moie,Tempesti,M,51878,9999-01-01
267227,Susuma,Tagansky,M,40000,9999-01-01
267304,Jordanka,Axelband,F,61938,9999-01-01
267667,Irena,Kaiserswerth,F,75381,9999-01-01
268043,Narain,Mikschl,M,40000,9999-01-01
268191,LiMin,Teitelbaum,M,53601,9999-01-01
269728,Naftali,Kragelund,M,71296,9999-01-01
270084,Ulises,Frolund,M,40000,9999-01-01
270716,Shunichi,Baer,M,104010,9999-01-01
270794,Dannz,Zhang,M,73566,9999-01-01
271106,Taisook,Kampfer,M,57783,9999-01-01
271219,Odoardo,Tyugu,F,40000,9999-01-01
272141,Tsutomu,Neiman,F,40000,9999-01-01
272285,Gully,Mitchem,M,40000,9999-01-01
272316,Surveyors,Muhling,M,46031,9999-01-01
272452,Mitsuyuki,Isard,M,60967,9999-01-01
272599,Holgard,Hegner,M,42096,9999-01-01
272860,Minghong,Candan,F,40000,9999-01-01
273159,Divine,Hofmeyr,F,40000,9999-01-01
273286,Brigham,Asmuth,M,43159,9999-01-01
273396,Wayne,Baba,M,60301,9999-01-01
273806,Hongzhu,Beetstra,F,81637,9999-01-01
273858,Gunilla,Matzen,M,66820,9999-01-01
274071,Mingsen,Weiland,M,40000,9999-01-01
274271,Prodip,Ritcey,F,55623,9999-01-01
274369,Ranga,Waymire,F,44399,9999-01-01
274813,Yefim,Pettey,M,66431,9999-01-01
275158,Satyanarayana,Brandsma,F,93286,9999-01-01
275263,Vojin,Laventhal,M,64702,9999-01-01
275444,Limsoon,Leppanen,M,55338,9999-01-01
275495,Shen,Yamaashi,M,41626,9999-01-01
275801,Ayakannu,Heinisuo,F,70395,9999-01-01
275881,Jiann,Munro,M,40000,9999-01-01
275994,Uma,Prampolini,F,40000,9999-01-01
276027,Holgard,Stavenow,F,40000,9999-01-01
276184,Mari,Swick,M,77922,9999-01-01
276186,Sajjad,Vecchi,M,40000,9999-01-01
276189,Isaac,Klerer,F,47945,9999-01-01
276445,Atilio,Randi,M,63137,9999-01-01
276472,Hideyuki,Flanders,F,49162,9999-01-01
276563,Gift,Solares,F,40000,9999-01-01
276868,Alois,Sanella,F,61613,9999-01-01
277316,Vitali,Rothenberg,M,86493,9999-01-01
277362,Uzi,Kugler,M,40000,9999-01-01
277420,Rayond,Schach,F,40000,9999-01-01
277777,Herbert,Itzigehl,M,40000,9999-01-01
277829,Michaela,Fandrianto,M,40000,9999-01-01
278239,Boaz,Bottner,F,40000,9999-01-01
278386,Caolyn,Poujol,M,42957,9999-01-01
278452,Sudhanshu,Toyoshima,F,40000,9999-01-01
278536,Munenori,Shobatake,F,70597,9999-01-01
278549,Jaana,Werthner,M,89009,9999-01-01
278953,Jeanna,Ghandeharizadeh,F,40000,9999-01-01
279115,Maren,DuCasse,M,55885,9999-01-01
279280,Niranjan,Debuse,F,40000,9999-01-01
279791,Chiranjit,Lyonns,F,40000,9999-01-01
280070,Niteen,Ebeling,F,43684,9999-01-01
280291,Lenore,Badache,F,41617,9999-01-01
280420,Jahangir,Hofting,M,80385,9999-01-01
280525,Kish,Herbst,M,100167,9999-01-01
280648,Heeju,Lorys,M,61217,9999-01-01
281570,Zijian,Covnot,F,50023,9999-01-01
281692,Khosrow,Sommen,M,45215,9999-01-01
281848,Parke,Staylopatis,M,40000,9999-01-01
281859,Masanao,Papastamatiou,F,56239,9999-01-01
282191,Alper,Shinomoto,M,41448,9999-01-01
282333,Nahla,Serdy,F,40000,9999-01-01
282343,Xinglin,Haldar,M,77230,9999-01-01
282547,Nahum,Codenie,M,40754,9999-01-01
282585,Zijian,Lammel,F,43246,9999-01-01
282894,Fay,Bellmore,F,53242,9999-01-01
284300,Ishfaq,Mahmud,F,90644,9999-01-01
284431,Pintsang,Fujisawa,M,65037,9999-01-01
284561,Duri,Beznosov,F,50960,9999-01-01
284687,Oksana,Redmiles,F,40000,9999-01-01
284691,Theron,Ressouche,F,40000,9999-01-01
284711,Martijn,Azevdeo,M,57721,9999-01-01
284717,Gal,Ranta,F,40000,9999-01-01
284856,Moto,Kobara,M,40000,9999-01-01
284954,Anneke,Hammerschmidt,M,40000,9999-01-01
285164,Xiaocheng,Kumaresan,F,91283,9999-01-01
285396,Lena,Kohling,M,66793,9999-01-01
285905,Kellyn,Bage,F,51667,9999-01-01
285906,Arnould,Buescher,M,49297,9999-01-01
286026,Utpal,Zaumen,F,65537,9999-01-01
286029,Jaques,Nanard,M,41827,9999-01-01
286370,Toshimitsu,Seuren,M,45618,9999-01-01
286452,Behnaam,Bierbaum,F,43036,9999-01-01
286573,Nahum,Nishimukai,F,40000,9999-01-01
286779,Sigeru,Versino,M,54400,9999-01-01
286986,Woody,Trelles,M,55706,9999-01-01
287323,Steve,Dengi,M,73295,9999-01-01
287327,Youjian,Felder,F,58866,9999-01-01
287334,Elliott,Speer,M,47441,9999-01-01
287482,Shigeaki,Gihr,F,63479,9999-01-01
287583,Jovan,Hockney,M,47726,9999-01-01
287609,Sailaja,Negoita,F,48605,9999-01-01
287713,Aamod,Ranka,M,46369,9999-01-01
287808,Vidar,Ozeki,M,51801,9999-01-01
287983,Randi,Munos,M,83519,9999-01-01
287984,Troy,Kobuchi,M,45001,9999-01-01
288028,Kauko,Narwekar,F,50537,9999-01-01
288142,Shay,Heystek,F,67640,9999-01-01
288166,Masoud,Asmuth,M,66034,9999-01-01
288560,Yifei,Birjandi,M,64818,9999-01-01
288563,Cristinel,Gerlach,M,40000,9999-01-01
288606,Susumu,Swiss,M,93892,9999-01-01
288665,Horward,Khasidashvili,M,48607,9999-01-01
288893,Bedrich,Rosenbaum,M,40000,9999-01-01
289454,Bowen,Narwekar,M,52363,9999-01-01
289687,Fai,Maccarone,F,45390,9999-01-01
289807,Soenke,Lemarechal,F,40000,9999-01-01
289909,Hilari,Vecchio,F,73997,9999-01-01
290009,Zijian,Rindone,M,40000,9999-01-01
290075,Boalin,Byoun,M,49861,9999-01-01
290284,Kwangjo,Menhardt,F,52459,9999-01-01
290441,Gregory,Collavizza,F,91982,9999-01-01
290467,Shaowen,Poulakidas,M,47812,9999-01-01
290478,Tsvetan,Sherertz,F,54683,9999-01-01
290563,Shigehiro,Oxenboll,F,40000,9999-01-01
290769,Lalit,Blokdijk,F,44580,9999-01-01
291352,Danai,Trelles,M,55697,9999-01-01
291612,Siamak,Gomatam,M,40000,9999-01-01
291669,Faiza,Bach,F,59691,9999-01-01
292110,Menkae,Showalter,F,53348,9999-01-01
292146,Khatoun,Pulkowski,F,40000,9999-01-01
292210,Masaru,Huhdanpaa,M,57954,9999-01-01
292404,Hongzue,Zultner,M,44910,9999-01-01
292504,Georgi,Bednarek,F,40000,9999-01-01
292515,Bernd,Thummel,M,40000,9999-01-01
292828,Ziya,Tokunaga,F,40000,9999-01-01
293080,Hideyuki,Slaats,M,59821,9999-01-01
293154,Syozo,Maliniak,F,47147,9999-01-01
293280,Moti,Steenbeek,F,40000,9999-01-01
293329,Fumiya,Griswold,F,60254,9999-01-01
293746,Sanjay,Litecky,F,40000,9999-01-01
293752,Jungsoon,Bail,F,60081,9999-01-01
294144,Takanari,Ermel,M,74140,9999-01-01
294241,Marl,Fiebach,M,74077,9999-01-01
294446,Claudi,Ruemmler,M,57740,9999-01-01
294461,Siddarth,Rosiles,F,44245,9999-01-01
294527,Ashish,Candan,F,62362,9999-01-01
294652,Hironobu,Brodie,M,40000,9999-01-01
294791,Vesna,Lammel,F,62854,9999-01-01
294857,Caolyn,Ozeri,M,76899,9999-01-01
295030,Fun,Keirsey,M,40000,9999-01-01
295236,Kauko,Fujisawa,M,40000,9999-01-01
295254,Xuejun,Pfau,M,40000,9999-01-01
295255,Jacopo,Bellone,M,42789,9999-01-01
295262,Moon,Pews,F,40000,9999-01-01
295268,Eben,Calkin,M,62556,9999-01-01
295278,Val,Barvinok,M,51829,9999-01-01
295411,Chiranjit,Serot,M,53572,9999-01-01
295857,Kankanahalli,Ciolek,M,44461,9999-01-01
296062,Shaz,Driscoll,F,55272,9999-01-01
296303,Mariangiola,Heyers,F,55209,9999-01-01
296428,Charmane,Simmen,F,62557,9999-01-01
296664,Dipayan,Geffroy,M,40000,9999-01-01
296687,Palash,Spieker,M,40000,9999-01-01
296718,Kamakshi,Bahl,F,40000,9999-01-01
297232,Lokesh,Saoudi,F,56647,9999-01-01
297431,Cathie,Ratnakar,M,58600,9999-01-01
297474,Irena,Terkki,M,44241,9999-01-01
297905,Marc,Bahl,M,40000,9999-01-01
297954,Sailaja,Fujisaki,M,40000,9999-01-01
298339,King,Benzmuller,M,40000,9999-01-01
298577,Florina,Litecky,M,75632,9999-01-01
298953,Zita,Syang,F,56226,9999-01-01
299346,Fumitake,Sichman,F,40000,9999-01-01
299580,Luisa,Itzfeldt,M,49708,9999-01-01
299718,Denny,Shobatake,F,40000,9999-01-01
299737,Patricio,Itzfeldt,M,75091,9999-01-01
400046,Hilari,Christ,M,40000,9999-01-01
400358,Angus,Jullig,F,65485,9999-01-01
400683,Kamakshi,Manders,M,65023,9999-01-01
400780,Poornachandra,Asser,M,40000,9999-01-01
400796,Bodo,Halevi,F,40000,9999-01-01
401154,Danae,Kragelund,F,40000,9999-01-01
401278,Oguz,Schurmann,M,62122,9999-01-01
401333,Martins,Shokrollahi,M,40000,9999-01-01
401420,Florian,Uhrig,F,40000,9999-01-01
401574,Yannik,Falco,M,52475,9999-01-01
402025,Shigehito,Duclos,F,50425,9999-01-01
402102,Kersti,Granlund,M,40000,9999-01-01
402664,Subhada,Janetzko,F,43122,9999-01-01
402718,Jeanna,Rettelbach,F,58377,9999-01-01
402827,Weidon,Pollacia,F,53483,9999-01-01
403010,Toshimitsu,Sluis,M,59167,9999-01-01
403621,Deborah,Kaminger,M,52532,9999-01-01
403644,Krisda,Hainaut,F,40000,9999-01-01
403954,Jeanna,Bratten,F,40000,9999-01-01
404018,Valery,Babb,F,55622,9999-01-01
404236,Zengping,Kakkar,M,43423,9999-01-01
404462,Anestis,Setlzner,M,40194,9999-01-01
404573,Eberhardt,Spelt,F,40000,9999-01-01
404755,Manu,Junet,F,55120,9999-01-01
404788,Basem,Beausoleil,M,50754,9999-01-01
405015,Morris,Fargier,M,72535,9999-01-01
405063,Yechezkel,Yurov,M,67423,9999-01-01
406125,Georgi,Portugali,F,40000,9999-01-01
406239,Marek,Tomescu,F,40000,9999-01-01
406564,Parviz,Picco,F,42716,9999-01-01
406714,Malu,Ossenbruggen,F,40000,9999-01-01
406847,Alexius,Crouzet,F,65556,9999-01-01
407522,Tommaso,Raczkowsky,M,53708,9999-01-01
407837,Fei,Erez,M,47359,9999-01-01
408019,Shridhar,Chleq,F,46019,9999-01-01
408114,Geoffrey,Ladret,M,75323,9999-01-01
408163,Irene,Sethi,F,67566,9999-01-01
408417,Tsz,Daescu,F,50677,9999-01-01
408437,Uno,Solares,M,59806,9999-01-01
408447,Mayuri,Werthner,M,65539,9999-01-01
408654,Yongqiao,Cochrane,M,47427,9999-01-01
408953,Jolita,Claffy,M,40000,9999-01-01
409391,Willard,Verspoor,F,40675,9999-01-01
409798,Dekang,Tsunoo,M,55643,9999-01-01
409805,Frazer,Candan,F,60575,9999-01-01
409898,Divier,Ishibashi,M,60860,9999-01-01
410028,Xiadong,McClurg,M,40000,9999-01-01
410372,Duri,Mitina,M,40608,9999-01-01
410433,Kazuhisa,Riesenhuber,M,49038,9999-01-01
410616,Gudjon,Kalorkoti,F,40000,9999-01-01
410804,Ronnie,Denos,M,49617,9999-01-01
410881,Koichi,Grabner,F,40000,9999-01-01
411070,Otmar,Brandsma,F,41389,9999-01-01
411082,Martine,Cangellaris,M,40987,9999-01-01
411143,Goncalo,Barbanera,F,87814,9999-01-01
412404,Mitsuyuki,Jeansoulin,F,75569,9999-01-01
412757,Leen,Peak,F,40000,9999-01-01
413098,Hsiangchu,Taubenfeld,M,45619,9999-01-01
413205,Mototsugu,Prampolini,M,82766,9999-01-01
413666,Remco,Duclos,M,62764,9999-01-01
413729,Harjit,Ernst,M,40000,9999-01-01
413831,Mohamadou,Grabner,M,40444,9999-01-01
413832,Marco,Jahnichen,M,40000,9999-01-01
414027,Tadanori,Msuda,M,40000,9999-01-01
414091,Wuxu,Kuhnemann,M,40000,9999-01-01
414543,Bernd,Anick,F,68487,9999-01-01
414551,Elliott,Copas,M,41620,9999-01-01
414662,Ipke,Schneeberger,M,52170,9999-01-01
414714,Chinho,Delgrande,M,47105,9999-01-01
414814,Dayanand,Wielonsky,M,43223,9999-01-01
414897,Juyoung,Willoner,M,69580,9999-01-01
415187,Juyoung,Peltason,M,57432,9999-01-01
415338,Shigeo,Emmart,M,40000,9999-01-01
415363,Conal,Shackell,F,56789,9999-01-01
415563,Mrinalini,Bierbaum,F,51477,9999-01-01
416074,Alain,Lieberherr,M,40000,9999-01-01
416383,Nectarios,Itschner,M,57970,9999-01-01
416420,Adamantios,Heemskerk,M,57583,9999-01-01
416492,Kannan,Meriste,M,40000,9999-01-01
416660,Nathalie,Luke,M,40000,9999-01-01
416720,Tokuyasu,Xiaoshan,F,50877,9999-01-01
416877,Gio,Orsini,M,82181,9999-01-01
416892,Shooichi,Vandervoorde,M,55754,9999-01-01
417435,Bouchung,Zaumen,M,88979,9999-01-01
418239,Josyula,Motley,M,65620,9999-01-01
418247,Oscar,Oppitz,M,58604,9999-01-01
418298,Arvin,Pusterhofer,F,40000,9999-01-01
418309,Danel,Petereit,F,47095,9999-01-01
418380,Kazuhiko,Gornas,F,41525,9999-01-01
418566,Kazuhide,Snedden,M,62954,9999-01-01
418606,Michaela,Otillio,F,41390,9999-01-01
418717,Arunachalam,Magliocco,F,67967,9999-01-01
418860,Ymte,Dalton,F,51181,9999-01-01
419099,Heon,Broomell,M,96271,9999-01-01
419953,Ung,Orlowski,M,60803,9999-01-01
420086,Susuma,Kitsuregawa,F,48457,9999-01-01
420476,Mariangiola,Bolsens,M,40000,9999-01-01
420557,Mabhin,Eastman,M,82355,9999-01-01
420694,Frazer,Barbanera,M,40000,9999-01-01
420732,Willard,Morrin,M,59288,9999-01-01
420759,Raimond,Solovay,M,55608,9999-01-01
420765,Shawna,Krider,M,78825,9999-01-01
420877,Khosrow,Erez,M,48689,9999-01-01
421022,Shigeaki,Butner,M,67327,9999-01-01
421033,Garnik,Randt,F,87795,9999-01-01
421074,Zhaofang,Falster,F,72554,9999-01-01
421312,Mariangiola,Bashian,M,40000,9999-01-01
421384,Renny,Bednarek,M,40000,9999-01-01
421755,Shichao,Thiria,M,49914,9999-01-01
422146,Kenton,Miara,F,40000,9999-01-01
422783,Jagoda,Uhrig,M,40000,9999-01-01
423038,Takushi,Strehl,M,60743,9999-01-01
423204,Uma,Stranks,M,64505,9999-01-01
423208,Joydip,Krone,F,58830,9999-01-01
423214,Tsutomu,Tetzlaff,F,67902,9999-01-01
423327,Constantijn,Lichtman,F,79684,9999-01-01
423350,Heping,Monarch,F,45927,9999-01-01
423633,Mariusz,Tokunaga,F,51147,9999-01-01
423993,Seshu,Kolvik,F,40000,9999-01-01
424569,Danco,Luff,F,67193,9999-01-01
424584,Kagan,Dredge,M,49152,9999-01-01
424685,Changho,Veevers,M,44053,9999-01-01
424797,Theron,Itschner,F,99526,9999-01-01
424805,Jacqueline,Zallocco,M,81079,9999-01-01
424930,Xuejun,Reeker,F,48452,9999-01-01
424984,Vasilis,Waleschkowski,M,40000,9999-01-01
425437,Moni,Staudhammer,M,43287,9999-01-01
425535,Alagu,Vieri,F,80858,9999-01-01
425540,Paddy,Zumaque,F,53256,9999-01-01
425757,Yongdong,Jiang,M,65128,9999-01-01
425780,Paris,Range,F,65037,9999-01-01
425830,Guther,Conia,F,63504,9999-01-01
425875,Jahangir,Kroft,F,41046,9999-01-01
426153,Shahaf,Luce,M,74658,9999-01-01
426168,Kaijung,Mateescu,M,51634,9999-01-01
426228,Supot,Badache,M,48175,9999-01-01
426235,Danco,Rajala,M,46445,9999-01-01
426644,Zejun,Broomell,F,66298,9999-01-01
426706,Karsten,Kawashima,F,52496,9999-01-01
426795,Huican,Lunn,M,48445,9999-01-01
426818,Gaurav,Fendler,F,40000,9999-01-01
426819,Sandeepan,Kulisch,M,51809,9999-01-01
426824,Gopalakrishnan,Mawatari,F,58680,9999-01-01
426958,Weijing,Viele,M,55729,9999-01-01
427313,Utpal,Kemmerer,M,40000,9999-01-01
427320,Mamdouh,Ramamoorthy,M,53985,9999-01-01
427332,Feiyu,Hemaspaandra,M,50549,9999-01-01
427571,Torsten,Ranta,M,55037,9999-01-01
427776,Jaques,Navazio,F,83358,9999-01-01
427805,Haldun,Compeau,M,66766,9999-01-01
427823,Jaques,Gecsei,M,46107,9999-01-01
427852,Adil,Kieras,F,48349,9999-01-01
428082,Ronghao,Alpin,M,40000,9999-01-01
428160,Jamaludin,Kalorkoti,M,62732,9999-01-01
428195,Hatsukazu,Rosca,M,63119,9999-01-01
428219,Ghassan,Androutsos,F,84926,9999-01-01
428917,Theron,Billawala,M,40000,9999-01-01
429087,Hugh,Senzako,M,51383,9999-01-01
429231,Kazuyasu,Schmiedel,F,85371,9999-01-01
429238,Mona,Luck,M,98463,9999-01-01
429249,Alassane,Wolniewicz,M,40000,9999-01-01
429316,Seshu,Hiraishi,F,40000,9999-01-01
429381,Limsoon,Roohalamini,M,75021,9999-01-01
429481,Subhada,Emmerich,M,50310,9999-01-01
429520,Yongqiao,Francisci,F,64463,9999-01-01
429532,Bartek,Vendrig,M,68137,9999-01-01
429569,Fumiya,Chappelet,F,47441,9999-01-01
429703,Ung,Honglei,F,40000,9999-01-01
429899,Ranan,Marsiglia,M,40554,9999-01-01
429954,Renny,Gladwell,M,77431,9999-01-01
430054,Erzsebet,Setiz,F,91507,9999-01-01
430558,Xiong,Roisin,F,40000,9999-01-01
430593,Janalee,Lanzelotte,M,40000,9999-01-01
430631,Kersti,Marsiglia,F,55205,9999-01-01
430891,Khalil,Gien,M,68320,9999-01-01
431576,Masamitsu,Back,F,76741,9999-01-01
431657,Visit,Thiran,F,40000,9999-01-01
431882,Hideo,Varman,F,53101,9999-01-01
431887,Poorav,Ranst,M,44157,9999-01-01
432031,Adamantios,Matzat,F,60534,9999-01-01
432034,Arfst,Uehara,M,50138,9999-01-01
432121,Alair,Straney,F,40000,9999-01-01
432257,Kwangjo,Hiltgen,F,84748,9999-01-01
432261,Arve,Bergere,F,73145,9999-01-01
432399,Nitsan,Nollmann,M,40000,9999-01-01
432523,Takahiro,Maquelin,F,77172,9999-01-01
432665,Flemming,Driscoll,M,42199,9999-01-01
432787,Toshiko,Ibel,M,41515,9999-01-01
432956,Qunsheng,Birrer,F,59603,9999-01-01
433059,Bojan,Montresor,M,83650,9999-01-01
433157,Tomofumi,Serna,M,84693,9999-01-01
433260,Make,Olivero,M,40000,9999-01-01
433438,Keiichiro,Miyakawa,M,86599,9999-01-01
434845,Takushi,Skogmar,M,56010,9999-01-01
434936,Sahrah,Rosis,F,54397,9999-01-01
435042,Brigham,Borstler,M,55687,9999-01-01
435060,Moie,Lieblein,M,48951,9999-01-01
435181,Kazuhide,Fiutem,M,40000,9999-01-01
435289,Feixiong,Schurmann,M,78074,9999-01-01
435305,Berthier,Pramanik,F,61083,9999-01-01
435370,Conal,Basart,M,56330,9999-01-01
435588,Genta,Pepe,F,40000,9999-01-01
435602,Dietrich,Kranzdorf,M,70591,9999-01-01
435774,Olivera,Bharadwaj,F,62182,9999-01-01
435791,Hercules,Speer,M,41333,9999-01-01
436558,Subir,Greibach,F,59648,9999-01-01
436797,Ohad,Henders,M,47748,9999-01-01
436827,Wojceich,Limongiello,F,42069,9999-01-01
436915,Feixiong,Haraldson,F,40000,9999-01-01
437276,Dines,DeMori,F,52997,9999-01-01
437369,Kazuhide,Biran,F,44053,9999-01-01
437395,Sumant,Thambidurai,M,75620,9999-01-01
437724,Erez,Luft,M,53468,9999-01-01
437870,Kerhong,Lorho,F,65132,9999-01-01
438038,Lena,Giaccio,F,77091,9999-01-01
438264,Rasikan,Barreiro,M,42706,9999-01-01
438557,Lidong,Swist,F,40000,9999-01-01
439377,Mari,Plessier,M,40000,9999-01-01
439905,Kousuke,Levasseur,F,56753,9999-01-01
439924,Gunilla,Kisuki,M,81991,9999-01-01
440325,Douadi,Sullins,F,70248,9999-01-01
440435,Sandeepan,Rosti,F,40000,9999-01-01
440450,Tzvetan,Scharstein,M,42474,9999-01-01
440642,Snehasis,Kalsbeek,M,96916,9999-01-01
440870,Filipp,Hasham,F,40000,9999-01-01
440937,Fabrizio,Usery,F,55815,9999-01-01
441197,Miquel,Legleitner,F,56738,9999-01-01
441536,Chinho,Collette,M,40000,9999-01-01
441954,Leszek,Marchegay,F,42564,9999-01-01
441965,Claudi,Heijenga,F,40000,9999-01-01
442002,Ravishankar,Baig,M,72966,9999-01-01
442096,Martijn,DiGiano,M,52432,9999-01-01
442312,Zengping,Cusworth,F,50796,9999-01-01
442490,Navid,Luke,M,90851,9999-01-01
442653,Mona,Hebden,M,64003,9999-01-01
442700,Siddarth,Masada,F,52753,9999-01-01
442898,Aksel,Gire,M,40000,9999-01-01
443108,Christfried,Atrawala,M,60079,9999-01-01
443485,Marke,Klerer,M,54884,9999-01-01
443841,Shaw,Kading,M,91933,9999-01-01
443873,Vatsa,Ramsay,M,60024,9999-01-01
444070,Heping,Skrikant,F,40000,9999-01-01
444099,Kousuke,Worfolk,M,81037,9999-01-01
444208,Irena,Cesareni,M,81161,9999-01-01
444465,Prasadram,Bultermann,M,47281,9999-01-01
444487,Udi,Rullman,F,40000,9999-01-01
444643,Berna,Schonegge,M,40000,9999-01-01
445067,Eldridge,Kawashima,F,45253,9999-01-01
445152,Heping,Peac,M,49949,9999-01-01
445226,Oscar,Baumann,M,40000,9999-01-01
445570,Van,Nations,F,46882,9999-01-01
445723,Gaurav,Roison,F,55964,9999-01-01
445941,Masako,Dechter,M,41871,9999-01-01
445950,Ebru,Valtorta,M,40000,9999-01-01
446121,Fay,Cochrane,M,66901,9999-01-01
446306,Hercules,Kabayashi,M,52162,9999-01-01
446424,DAIDA,Nooteboom,F,58549,9999-01-01
446897,Takahiro,Dalton,M,40000,9999-01-01
446959,Aram,Passino,M,46058,9999-01-01
447018,Dannz,Miara,M,40000,9999-01-01
447135,Gennady,Rouquie,M,40000,9999-01-01
447232,Aleksander,Schaaf,M,102759,9999-01-01
447376,Kirk,Zongker,F,70592,9999-01-01
447544,Stabislas,Kakkad,M,86434,9999-01-01
447613,Paris,Restivo,M,43894,9999-01-01
447877,Make,Heuser,M,40000,9999-01-01
447931,Martijn,Jeong,F,72595,9999-01-01
447966,Kamakshi,Hebert,M,57165,9999-01-01
447982,Shiv,Baezner,F,40000,9999-01-01
447999,Shiv,Vilarrasa,F,48626,9999-01-01
448769,Mong,Dichev,M,56886,9999-01-01
448900,Mart,Talmor,M,55122,9999-01-01
448918,Chiradeep,Arlazarov,F,48275,9999-01-01
448994,Haldun,Syang,M,55952,9999-01-01
449189,Jahangir,Bernatsky,F,52150,9999-01-01
449815,Fumitaka,Quittner,M,43762,9999-01-01
449984,Hinrich,Perin,F,40000,9999-01-01
450184,Selwyn,Henseler,F,57687,9999-01-01
450255,Udo,Waymire,M,40000,9999-01-01
450309,Gill,Orlowska,M,47695,9999-01-01
450475,Saeed,Bahl,M,41804,9999-01-01
450817,DAIDA,Frolund,M,56583,9999-01-01
450888,Sedat,Rande,F,55308,9999-01-01
450934,Chanjung,Raoux,M,40000,9999-01-01
450936,Yuriy,Ponthieu,F,49451,9999-01-01
451253,Jaihie,Ozeri,F,66577,9999-01-01
451272,Jacopo,Krohm,M,50905,9999-01-01
451275,Bedrich,Isard,M,40000,9999-01-01
451333,Radhika,Bonifati,M,40000,9999-01-01
452137,Subir,Miake,M,59812,9999-01-01
452206,Arra,Esposito,M,57175,9999-01-01
452325,Taiji,Berstel,F,71879,9999-01-01
452347,Shigeichiro,Brattka,M,56042,9999-01-01
452365,Fei,Gadepally,M,40000,9999-01-01
452956,Gou,Thombley,M,44716,9999-01-01
452957,Alair,Nanard,M,60350,9999-01-01
452982,Lobel,Aloia,F,103154,9999-01-01
453070,Aran,Rosenbaum,F,40000,9999-01-01
453154,Gao,Lally,F,40000,9999-01-01
453644,Berni,Takkinen,M,60389,9999-01-01
453688,Chinya,Leslie,F,40000,9999-01-01
453723,Arne,Kohling,F,40996,9999-01-01
453760,Ewing,Rajala,F,40000,9999-01-01
453790,Fai,Keirsey,M,59270,9999-01-01
453913,Stein,Perng,M,66997,9999-01-01
454338,Mohammed,Georg,F,40000,9999-01-01
454378,Gina,Ossenbruggen,M,63514,9999-01-01
454736,Nechama,Ermel,F,45224,9999-01-01
454791,Xiaoqiu,Pietracaprina,M,70297,9999-01-01
454825,Kamakshi,Schusler,F,55857,9999-01-01
454994,Mohan,Picht,M,40000,9999-01-01
455175,Soenke,Zaumen,F,40000,9999-01-01
455284,Luisa,Baig,F,40000,9999-01-01
455726,Qiwen,Kriebel,M,89978,9999-01-01
455814,Giao,DuCasse,F,40757,9999-01-01
455914,Peer,Angelopoulos,M,62820,9999-01-01
456767,Tetsurou,Schreiter,M,81806,9999-01-01
456982,Shounak,Dratva,F,41631,9999-01-01
457070,Gay,Plavsic,F,40000,9999-01-01
457146,Jinpo,Heyers,F,58534,9999-01-01
457305,Sorina,Lakshmanan,M,71290,9999-01-01
457337,Xumin,Beidas,F,40000,9999-01-01
457411,Xudong,Peck,M,40000,9999-01-01
457489,Berna,Ranst,F,42727,9999-01-01
457611,Indrajit,Krogh,M,40000,9999-01-01
457776,Florian,Siepmann,F,42709,9999-01-01
457813,Foong,Gargeya,F,40000,9999-01-01
457832,Jackson,Zielinski,F,40000,9999-01-01
457938,Arch,Picco,M,56568,9999-01-01
458111,Florian,Tramer,F,76812,9999-01-01
458134,Thanasis,Standera,F,40000,9999-01-01
458191,George,Atchley,M,71591,9999-01-01
458383,Mabhin,Foote,M,40000,9999-01-01
458726,Shahaf,Kitai,M,40000,9999-01-01
458790,Ramya,Azadmanesh,M,40000,9999-01-01
459172,Val,Rissanen,F,58787,9999-01-01
459356,Pramod,Wendorf,M,40000,9999-01-01
459429,Mohit,Verhaegen,M,92397,9999-01-01
459685,Hirochika,Goldhammer,M,44433,9999-01-01
460131,Adly,Hambrick,F,68182,9999-01-01
460691,Munehiko,Gihr,M,40000,9999-01-01
460707,Yoshinari,Lanteri,F,40000,9999-01-01
460920,Remzi,Mitzlaff,F,77844,9999-01-01
461120,Shietung,Gelosh,M,68304,9999-01-01
461270,Mrinalini,Mawatari,M,76737,9999-01-01
461801,Sumali,Cooman,M,59006,9999-01-01
462493,Paloma,Gerlach,M,40000,9999-01-01
462795,Somnath,Cummings,M,47611,9999-01-01
463023,Itzchak,Penn,M,53407,9999-01-01
463099,Jinxi,Schmiedel,F,59911,9999-01-01
463212,Ramya,Rossi,F,47857,9999-01-01
463472,Jaber,Sethi,M,40000,9999-01-01
463495,Alenka,Barriga,F,40000,9999-01-01
464284,Huiqun,Henders,M,85882,9999-01-01
464303,Abdelghani,Nyrup,F,48803,9999-01-01
465062,Stafford,Gist,M,44624,9999-01-01
465076,Tokuyasu,Ghelli,M,58601,9999-01-01
465085,Vidar,Gunderson,M,40000,9999-01-01
465409,Shahid,Varman,M,67038,9999-01-01
465501,Mrinalini,Gire,M,40000,9999-01-01
465711,Lakshmi,Frijda,F,54507,9999-01-01
465853,Kwan,Kampfer,F,40000,9999-01-01
465874,Herb,Picht,F,72099,9999-01-01
466064,Temple,Danlos,M,48435,9999-01-01
466367,Hiroyasu,Strandh,M,40000,9999-01-01
466509,Bezalel,Verhoeff,F,40000,9999-01-01
466603,Yechezkel,Nourani,F,54724,9999-01-01
466745,Boalin,Birsak,M,40000,9999-01-01
467176,Przemyslawa,Borovoy,F,56585,9999-01-01
467269,Nahum,Lambe,M,40000,9999-01-01
467392,Mariusz,Rikino,M,45749,9999-01-01
467441,Margareta,Bondorf,M,40000,9999-01-01
467591,Kiyotoshi,Hennebert,M,52731,9999-01-01
467886,Sivanarayana,Chandrasekhar,M,66865,9999-01-01
467918,Tsuneo,Skrikant,F,40000,9999-01-01
468360,Huei,Saoudi,M,40000,9999-01-01
468417,Kamakshi,Huhdanpaa,F,40000,9999-01-01
468659,Ranga,Lemarechal,F,40000,9999-01-01
468773,Baziley,Brookner,F,41553,9999-01-01
469104,Nadjib,Comellas,M,42499,9999-01-01
469253,Baruch,Basawa,M,40000,9999-01-01
469269,Weiyi,Codenie,F,40000,9999-01-01
469366,Aiman,Wilfing,F,48989,9999-01-01
469399,Hongzhu,Ruemmler,F,51576,9999-01-01
469527,Halsur,Ibel,F,43350,9999-01-01
469529,Neven,Rikino,M,40247,9999-01-01
469735,Arif,Stranks,F,65879,9999-01-01
469867,Hein,Jonsson,M,49974,9999-01-01
470456,Reuven,Oehlmann,F,45633,9999-01-01
470472,Zhiguo,Staudhammer,F,40000,9999-01-01
471397,Nigel,Zirintsis,F,40000,9999-01-01
471532,Feiyu,Decleir,M,46522,9999-01-01
471552,Basem,Lortz,F,42758,9999-01-01
471911,Arun,Zaccaria,M,40000,9999-01-01
471939,Kazuhiko,Marshall,M,69487,9999-01-01
472052,Godehard,Chinal,M,52516,9999-01-01
472143,Yahiko,Sommen,F,78806,9999-01-01
472238,Jungsoon,Gubsky,M,52860,9999-01-01
472790,Zhenbing,Ibel,M,55035,9999-01-01
472950,Weidon,Fordan,F,60425,9999-01-01
473268,Hugo,Sgarro,M,55564,9999-01-01
473299,Khaled,Penn,F,83582,9999-01-01
473490,Pantung,Reeker,F,40000,9999-01-01
473940,Avishai,Majewski,M,46814,9999-01-01
474331,Sugwoo,Eugenio,F,40000,9999-01-01
474763,Mayuko,Clouatre,F,61436,9999-01-01
474796,Zongyan,Shackel,M,68336,9999-01-01
475087,Genevieve,Snedden,F,40000,9999-01-01
475258,Fumiyo,Feinberg,M,40000,9999-01-01
475538,Christophe,Leaver,F,40000,9999-01-01
475938,Shigeaki,Lanteri,M,40000,9999-01-01
475965,Rimon,Pietracaprina,M,40000,9999-01-01
476055,Girolamo,Schlumberger,F,40000,9999-01-01
476122,Khun,Spieker,M,40000,9999-01-01
476327,Reinhold,Binkley,M,51519,9999-01-01
476361,Doohun,Preusig,M,42446,9999-01-01
477350,Terresa,Vigier,M,47167,9999-01-01
477578,Marit,Paludetto,F,83068,9999-01-01
477969,Bluma,Mundy,M,40000,9999-01-01
478007,Fumino,Narahara,M,47559,9999-01-01
478170,Doowon,Schoegge,F,40000,9999-01-01
478218,Djenana,Erol,M,65244,9999-01-01
478439,Yuichiro,Bale,M,47250,9999-01-01
478768,Arun,Katzenelson,M,67237,9999-01-01
478799,Shaw,Borovoy,F,40297,9999-01-01
478833,Pradeep,Valiente,F,83315,9999-01-01
478858,Hidekazu,Perna,M,40000,9999-01-01
479024,Ewing,Kalorkoti,F,60882,9999-01-01
479407,Randi,Tomescu,M,46866,9999-01-01
479601,Kayoko,Bahi,M,65786,9999-01-01
479695,Masamitsu,Murrill,M,40176,9999-01-01
480035,Sukumar,Georg,M,40000,9999-01-01
480066,Suebskul,Menhardt,F,40000,9999-01-01
480178,Uinam,Rahier,F,55930,9999-01-01
480268,Gaurav,Cheshire,M,44209,9999-01-01
480407,Deniz,Bennis,M,40000,9999-01-01
481050,Weiru,Burnard,F,50385,9999-01-01
481213,Shigehiro,Haldar,F,73617,9999-01-01
481397,Luisa,Chelton,M,40000,9999-01-01
481764,Teiji,Marrakchi,M,60322,9999-01-01
481790,Haldun,Erie,F,50133,9999-01-01
482335,Kwangyoen,Peck,M,56445,9999-01-01
482354,Jayson,Zockler,F,40000,9999-01-01
482755,Jouni,Conia,M,77972,9999-01-01
482885,Shaunak,Brizzi,M,49347,9999-01-01
482905,Aral,Hebden,F,65709,9999-01-01
482944,Duke,Journel,M,96529,9999-01-01
483401,Rosita,Pokrovskii,M,50685,9999-01-01
483675,Hausi,Kamber,M,40000,9999-01-01
483825,Marek,Mitchem,M,52817,9999-01-01
483838,Sham,Kavanagh,F,40000,9999-01-01
483978,Dung,Tanemo,M,100425,9999-01-01
484126,Manton,Lueh,F,48754,9999-01-01
484142,Perry,Cooman,M,40000,9999-01-01
484498,Herbert,Hammerschmidt,F,66106,9999-01-01
484756,Phule,Ruemmler,M,40000,9999-01-01
485253,Gladys,Parhami,M,53582,9999-01-01
485489,Keiichiro,Armand,F,55395,9999-01-01
485577,Rafael,Menhoudj,F,40000,9999-01-01
485579,Munehiro,Iwayama,M,44117,9999-01-01
485799,Yoshimitsu,Litvinov,M,40000,9999-01-01
485817,Mahmut,Bolotov,F,51242,9999-01-01
486068,Yefim,Bernardeschi,F,54089,9999-01-01
486808,Geoffrey,Siochi,M,40000,9999-01-01
486918,Yagil,Remmers,F,51627,9999-01-01
486956,Matt,Ruemmler,F,63351,9999-01-01
486958,Tonny,Kropf,F,45160,9999-01-01
487008,Zhigen,Raney,F,73387,9999-01-01
487505,Uno,Jayawardene,F,57439,9999-01-01
487988,Ekawit,Schaft,M,40000,9999-01-01
488095,Francoise,Hegner,F,40000,9999-01-01
488142,Denis,Narlikar,M,40612,9999-01-01
488482,Kensyu,Tsunoo,F,44477,9999-01-01
488540,Breannda,Maquelin,F,88346,9999-01-01
488619,Georgy,Bennis,F,58714,9999-01-01
488693,Jiong,Zultner,F,40000,9999-01-01
488707,Mihalis,Remmers,F,61980,9999-01-01
488752,Nimmagadda,Baja,M,44935,9999-01-01
488788,Wuxu,Garigliano,M,55528,9999-01-01
488984,Kendra,Junet,M,68524,9999-01-01
489755,Matk,Chorvat,M,50263,9999-01-01
489756,Kersti,Miculan,F,74625,9999-01-01
489928,Satoru,Janetzko,F,43680,9999-01-01
490551,Lalit,Lindqvist,M,52602,9999-01-01
490557,Luise,Vigier,M,45888,9999-01-01
490568,Zita,Reistad,M,58375,9999-01-01
490720,Younwoo,Samarati,F,57642,9999-01-01
491079,Kwangsub,Keirsey,F,47638,9999-01-01
491162,Panayotis,Hempstead,M,55743,9999-01-01
491478,Gill,Varman,M,50787,9999-01-01
491596,Charmane,Pargas,F,40000,9999-01-01
491632,Gadiel,Perly,M,75387,9999-01-01
492000,Valeska,Cools,M,40000,9999-01-01
492052,Udo,Ratnakar,M,53754,9999-01-01
492217,Heekeun,Verhaegen,M,43116,9999-01-01
492639,Sanjoy,Porenta,M,63732,9999-01-01
492677,Goetz,McAffer,M,57772,9999-01-01
493031,Hironoby,Jakobus,F,58953,9999-01-01
493048,Muzhong,Berztiss,M,87744,9999-01-01
493096,Sachem,Msuda,M,54424,9999-01-01
493744,Leni,Kropatsch,M,40000,9999-01-01
494019,Morrie,Iisaku,M,65241,9999-01-01
494088,Phule,Dahlbom,M,53267,9999-01-01
494493,Masasuke,Koprowski,M,96959,9999-01-01
494995,Yongmao,Pouyioutas,F,61003,9999-01-01
496100,Pranjal,Reinhard,F,40197,9999-01-01
496970,Giordano,Maquelin,F,58910,9999-01-01
496978,Danco,Debuse,F,74289,9999-01-01
497007,Oldrich,Adachi,M,42380,9999-01-01
497174,Sanjiv,Bressoud,M,45255,9999-01-01
497340,Fayez,Keohane,F,62550,9999-01-01
497391,Paris,Lieblein,M,74583,9999-01-01
497835,Shuho,Laurillard,F,40000,9999-01-01
498185,Caolyn,Marciano,F,40000,9999-01-01
498337,Naraig,Docker,F,65293,9999-01-01
498456,Geraldo,Gerteisen,M,40000,9999-01-01
498635,Florian,Pezzoli,F,43577,9999-01-01
498838,Sanjay,Ciolek,M,40000,9999-01-01
498845,Arumugam,Pelc,M,40000,9999-01-01
498955,Nechama,Kandlur,F,52314,9999-01-01
499194,Padma,Delgrange,M,61589,9999-01-01
499260,Danae,Honglei,M,40000,9999-01-01
499495,Baoqiu,Kakkar,M,40000,9999-01-01
