emp_no,first_name,last_name,gender,birth_date,from_date,to_date
10095,Hilari,Morton,M,1965-01-03,1994-03-10,9999-01-01
10122,Ohad,Esposito,M,1965-01-19,1998-08-06,9999-01-01
10291,Dipayan,Seghrouchni,M,1965-01-23,1987-03-30,9999-01-01
10476,Kokou,Iisaka,M,1965-01-01,1987-09-20,9999-01-01
10663,Teunis,Noriega,M,1965-01-09,1999-02-12,9999-01-01
10762,Lech,Himler,M,1965-01-19,1992-01-21,9999-01-01
10933,Juyoung,Seghrouchni,F,1965-01-24,1993-08-02,9999-01-01
12155,Keiichiro,Glinert,M,1965-01-21,1993-09-16,9999-01-01
12408,Rasiah,Sudkamp,M,1965-01-10,1995-04-18,9999-01-01
12643,Morrie,Schurmann,F,1965-01-30,1998-12-31,9999-01-01
13499,Kazuhiko,Sidou,M,1965-01-16,1991-09-01,9999-01-01
14075,Denny,Tchuente,M,1965-01-03,1991-05-30,9999-01-01
14104,Sudhanshu,Demian,M,1965-01-03,1994-07-23,9999-01-01
14127,Magdalena,Cannard,F,1965-01-10,1994-04-22,9999-01-01
14158,Caolyn,Setiz,F,1965-01-22,1990-02-06,9999-01-01
14476,Sastry,Marrevee,M,1965-01-19,1999-09-25,9999-01-01
14907,Nakhoon,Luga,M,1965-01-14,1986-12-18,9999-01-01
15050,Nikolaos,Kruskal,M,1965-01-18,1990-12-17,9999-01-01
15058,Bouchung,Bugrara,M,1965-01-30,1990-06-18,9999-01-01
15413,Arvin,Rabejac,M,1965-01-17,1994-01-01,9999-01-01
16461,Remmert,Schahn,M,1965-01-14,1986-09-06,9999-01-01
16528,Gaurav,Swick,F,1965-01-21,1996-05-07,9999-01-01
17013,Morris,Garigliano,M,1965-01-15,1995-05-24,9999-01-01
17206,Berry,DeMori,M,1965-01-02,1992-12-27,9999-01-01
17369,Yaghout,Kenevan,M,1965-01-31,2000-09-15,9999-01-01
17447,Zengping,Boreale,F,1965-01-11,1998-12-16,9999-01-01
17731,Gennady,Roison,M,1965-01-16,1989-12-06,9999-01-01
17970,Filipp,Carrere,M,1965-01-06,1989-01-09,9999-01-01
17988,Mabhin,Calkin,M,1965-01-31,1989-11-30,9999-01-01
18021,Adil,Matzke,M,1965-01-07,1987-05-08,9999-01-01
18424,Filipp,Rousseau,M,1965-01-19,1995-06-07,9999-01-01
18583,Stafford,Honglei,F,1965-01-03,1998-08-16,9999-01-01
18617,Surveyors,Crouzet,M,1965-01-21,1989-04-24,9999-01-01
18810,Taiji,Jarecki,M,1965-01-09,1991-06-27,9999-01-01
19236,Elzbieta,Morris,F,1965-01-24,1988-07-12,9999-01-01
19350,Satoru,Yoshizawa,M,1965-01-19,1994-03-27,9999-01-01
19803,Ziva,Kowalchuk,F,1965-01-30,1987-06-13,9999-01-01
20100,Utz,Heuter,F,1965-01-18,1986-06-15,9999-01-01
20128,Kazunori,Peak,F,1965-01-23,1999-08-13,9999-01-01
20129,Rafael,Skafidas,M,1965-01-10,1991-03-28,9999-01-01
20248,Vidar,Demri,M,1965-01-12,1999-12-31,9999-01-01
20313,Candida,Benveniste,M,1965-01-24,1999-01-20,9999-01-01
20500,Christoph,Trystram,M,1965-01-30,1993-10-15,9999-01-01
20885,Otmar,Rothenberg,M,1965-01-21,1989-03-14,9999-01-01
21181,Jianhui,Cangellaris,F,1965-01-21,1991-10-06,9999-01-01
21188,Piyush,Danecki,F,1965-01-21,2000-01-08,9999-01-01
21546,Yongmin,Lanteri,F,1965-01-01,2002-03-19,9999-01-01
21843,Karsten,Azadmanesh,M,1965-01-09,1985-11-29,9999-01-01
21909,Mohammed,Brizzi,M,1965-01-04,1991-12-28,9999-01-01
22185,Huai,Birch,M,1965-01-29,2002-06-12,9999-01-01
22415,Perla,Jumpertz,M,1965-01-20,1994-08-24,9999-01-01
22451,Jasminko,Bresenham,M,1965-01-27,1994-01-19,9999-01-01
22455,Barry,Unno,F,1965-01-06,1990-11-16,9999-01-01
22926,Manibrata,Genther,M,1965-01-01,1988-01-15,9999-01-01
23396,Hilari,Fairtlough,F,1965-01-02,1986-12-15,9999-01-01
24080,Jaana,Perez,F,1965-01-26,1996-03-11,9999-01-01
24205,Roddy,Rubsam,F,1965-01-25,1993-09-19,9999-01-01
24377,Lubomir,Wroclawski,F,1965-01-25,1993-07-25,9999-01-01
24394,Zhonghui,Conta,M,1965-01-04,1994-09-10,9999-01-01
24553,Anwar,Passafiume,M,1965-01-12,1987-01-30,9999-01-01
24571,Cordelia,Gischer,F,1965-01-20,1989-03-14,9999-01-01
25488,Ingmar,Basawa,M,1965-01-19,1991-11-09,9999-01-01
26629,Nevin,Rodham,M,1965-01-28,1998-12-14,9999-01-01
26671,Jiakeng,Kalorkoti,F,1965-01-21,1994-12-25,9999-01-01
26788,Zongyan,Dalphin,M,1965-01-25,1988-04-23,9999-01-01
27331,Wanqing,Krohm,F,1965-01-19,1991-01-22,9999-01-01
27378,Piyawadee,Leppanen,M,1965-01-28,1999-02-25,9999-01-01
27620,Shuji,Kandlur,M,1965-01-25,1990-03-02,9999-01-01
27686,Manu,Rosiles,M,1965-01-28,1998-03-03,9999-01-01
27699,Falguni,Pezzoli,F,1965-01-15,1996-12-23,9999-01-01
27767,Tooru,Veldwijk,F,1965-01-27,1993-11-21,9999-01-01
28193,Xinglin,Mitsuhashi,M,1965-01-29,1988-12-14,9999-01-01
28974,Chenxi,Sundgren,F,1965-01-09,1986-09-02,9999-01-01
28988,Tua,Giveon,M,1965-01-18,1998-09-09,9999-01-01
29130,Xumin,Thorensen,F,1965-01-06,1998-04-26,9999-01-01
29265,Gilbert,Calkin,M,1965-01-14,1988-03-21,9999-01-01
29380,Satoru,Vidal,F,1965-01-30,1998-05-02,9999-01-01
29418,Valery,Mersereau,M,1965-01-22,1998-07-01,9999-01-01
29679,Kolar,Steenbeek,M,1965-01-17,1986-10-18,9999-01-01
29782,Jouko,Hellwagner,M,1965-01-29,2000-10-23,9999-01-01
29954,Pranay,Giarratana,F,1965-01-27,1992-09-29,9999-01-01
30007,Kousuke,Vecchio,F,1965-01-24,1990-02-23,9999-01-01
30035,Tetsushi,Conta,M,1965-01-08,1995-07-04,9999-01-01
30154,Mayuko,Skafidas,M,1965-01-26,1999-04-19,9999-01-01
30182,Leon,Potthoff,M,1965-01-26,1985-12-08,9999-01-01
30465,Randi,Avouris,M,1965-01-28,1986-07-16,9999-01-01
30484,Sailaja,Chvatal,M,1965-01-11,1999-05-18,9999-01-01
30695,Gudjon,Majewski,M,1965-01-08,1999-10-26,9999-01-01
30938,Yakkov,Samarati,F,1965-01-06,1997-10-10,9999-01-01
31147,Divine,Sidhu,M,1965-01-04,1989-07-05,9999-01-01
31188,Leandro,Gist,M,1965-01-12,1993-02-03,9999-01-01
31207,Abdelwaheb,Dulin,F,1965-01-30,1993-08-05,9999-01-01
31341,Oksana,Zultner,M,1965-01-01,1991-03-23,9999-01-01
31514,Harngdar,Schapire,M,1965-01-13,1996-11-09,9999-01-01
31568,Mark,Lalonde,M,1965-01-10,1996-11-24,9999-01-01
31909,Murthy,Peek,M,1965-01-10,2000-10-30,9999-01-01
32347,Terresa,Peres,M,1965-01-08,1990-09-15,9999-01-01
32552,Atreye,Stanger,M,1965-01-17,1993-09-10,9999-01-01
32649,Ingmar,Nannarelli,M,1965-01-12,1988-06-10,9999-01-01
32714,Radoslaw,Maliniak,M,1965-01-16,2001-09-18,9999-01-01
32844,Tadahiko,Melton,M,1965-01-23,1995-01-07,9999-01-01
33025,Jessie,Thorelli,M,1965-01-12,1999-12-16,9999-01-01
33215,Steen,Fasbender,M,1965-01-29,1993-02-14,9999-01-01
33722,Anwar,Collette,M,1965-01-15,2001-02-03,9999-01-01
34077,Angel,Sichman,F,1965-01-08,1988-11-16,9999-01-01
34261,Kyoichi,Callaway,M,1965-01-05,1990-12-30,9999-01-01
34446,Chinhyun,Bauknecht,M,1965-01-31,1986-12-19,9999-01-01
34452,Naftaly,Foong,M,1965-01-08,1991-05-10,9999-01-01
34505,Felicidad,Kumaresan,F,1965-01-28,1994-09-06,9999-01-01
34533,Erzsebet,Shigei,M,1965-01-10,1995-01-16,9999-01-01
34780,Moni,Kohling,F,1965-01-16,2001-09-18,9999-01-01
34788,Ennio,Babu,F,1965-01-27,1994-08-31,9999-01-01
34936,Bokyung,Stamatiou,F,1965-01-12,1991-02-12,9999-01-01
35044,Jiang,Waschkowski,F,1965-01-04,1989-05-27,9999-01-01
35087,Leif,Ashish,M,1965-01-17,1994-10-14,9999-01-01
35441,Chandrasekaran,Peek,F,1965-01-31,1990-09-17,9999-01-01
35642,Ashish,Talmon,F,1965-01-30,1999-02-28,9999-01-01
35793,Oscar,Kusalik,M,1965-01-01,1991-05-11,9999-01-01
35798,Ulf,Oberman,F,1965-01-29,1997-03-15,9999-01-01
36521,Serif,Gladwell,M,1965-01-21,1987-03-06,9999-01-01
36626,Fen,Genin,M,1965-01-02,1986-05-09,9999-01-01
36733,Uma,Reinhard,M,1965-01-04,1997-11-01,9999-01-01
36844,Hailing,Levergood,M,1965-01-01,2000-01-12,9999-01-01
36982,Kotesh,Rajala,M,1965-01-22,1992-06-23,9999-01-01
37070,Jeong,Undy,F,1965-01-22,1985-02-13,9999-01-01
37945,Suzette,Butterworth,M,1965-01-02,1994-02-19,9999-01-01
38043,Michaela,Randi,M,1965-01-05,1985-11-23,9999-01-01
38103,Masasuke,Babu,M,1965-01-12,1988-03-31,9999-01-01
38168,Fumiko,Deverell,M,1965-01-14,1987-08-15,9999-01-01
38550,JoAnne,Baez,F,1965-01-14,1987-02-16,9999-01-01
38593,Huei,Orsini,M,1965-01-14,1986-06-04,9999-01-01
38947,Shuichi,Ruemmler,F,1965-01-25,1998-04-08,9999-01-01
39000,Martijn,Vendrig,M,1965-01-08,1997-03-03,9999-01-01
39036,Changho,Cappelli,F,1965-01-08,1996-05-04,9999-01-01
39301,Rimon,Kawashima,F,1965-01-07,1992-02-06,9999-01-01
39341,Mahmut,Lampe,F,1965-01-01,1985-05-11,9999-01-01
39952,Otmar,Sudbeck,M,1965-01-02,1998-07-22,9999-01-01
40269,Toshiki,Ghazalie,F,1965-01-10,1991-12-05,9999-01-01
40283,Sudhanshu,Boissier,M,1965-01-07,1985-05-11,9999-01-01
40301,Spyrose,Felder,M,1965-01-20,1997-10-20,9999-01-01
40536,Harngdar,Bernardinello,F,1965-01-20,1988-02-29,9999-01-01
40765,Michaela,Ramsak,F,1965-01-01,1992-12-21,9999-01-01
40773,Shimshon,Aingworth,M,1965-01-09,1986-04-13,9999-01-01
40983,Marla,Cherinka,F,1965-01-17,1986-12-01,9999-01-01
41114,Petter,Thummel,M,1965-01-25,1995-12-24,9999-01-01
41137,Bikash,Buchter,F,1965-01-20,1996-01-08,9999-01-01
41357,Willard,Vernadat,M,1965-01-06,1997-03-04,9999-01-01
41518,Keung,Schapiro,F,1965-01-11,2001-02-08,9999-01-01
41520,Xiong,Uhrik,M,1965-01-20,1988-03-21,9999-01-01
41609,Yucai,Simmen,F,1965-01-04,1987-10-13,9999-01-01
42778,Shuji,Remmers,F,1965-01-19,1987-12-18,9999-01-01
42911,Brigham,Eterovic,M,1965-01-29,1994-10-08,9999-01-01
42950,Shaleah,Eickenmeyer,F,1965-01-22,1993-10-09,9999-01-01
42955,Yucel,Lortz,M,1965-01-12,1995-02-21,9999-01-01
43154,Maha,Waterhouse,F,1965-01-13,1997-07-04,9999-01-01
43733,Huei,Boguraev,M,1965-01-26,1993-12-31,9999-01-01
43848,Phillip,Oxenboll,M,1965-01-11,1999-05-26,9999-01-01
44054,Alenka,Ritcey,M,1965-01-18,1997-02-09,9999-01-01
44265,Maria,Eppinger,M,1965-01-24,1997-01-30,9999-01-01
44540,Mingzeng,Sadowski,F,1965-01-16,1989-11-12,9999-01-01
44900,Mark,Schwaller,F,1965-01-05,1994-08-10,9999-01-01
44959,Volkmar,Uhrik,F,1965-01-21,1988-01-16,9999-01-01
44962,Sariel,Wynblatt,F,1965-01-16,1996-05-18,9999-01-01
45162,Dulce,Speel,F,1965-01-11,1987-10-19,9999-01-01
46000,Zhaofang,Penn,F,1965-01-26,1997-07-24,9999-01-01
46328,Wuxu,Trogemann,F,1965-01-05,1997-01-27,9999-01-01
46811,Junsik,Berendt,M,1965-01-10,1988-04-27,9999-01-01
46834,Tooru,Daescu,M,1965-01-22,1998-03-20,9999-01-01
46943,Pasqua,Maraist,F,1965-01-31,1993-12-06,9999-01-01
47016,Toong,Litecky,F,1965-01-03,1989-03-01,9999-01-01
47139,Marco,Usdin,F,1965-01-25,1996-10-29,9999-01-01
47262,Gonzalo,Binkley,M,1965-01-10,1985-08-16,9999-01-01
47515,Naraig,Jenevein,M,1965-01-26,1987-01-18,9999-01-01
47702,Juyoung,Vieri,F,1965-01-21,1991-08-12,9999-01-01
47708,Edwin,Haldar,M,1965-01-05,1995-07-12,9999-01-01
48275,Sariel,Massonet,F,1965-01-29,1987-11-20,9999-01-01
48690,Hitomi,Schaap,M,1965-01-12,1999-09-27,9999-01-01
48882,Leen,Lamparter,M,1965-01-28,1993-06-07,9999-01-01
48904,Yuichiro,Malabarba,M,1965-01-23,1994-03-07,9999-01-01
48947,Filipp,Akaboshi,M,1965-01-05,1992-05-20,9999-01-01
49010,Kazuhisa,Benantar,F,1965-01-16,1990-03-30,9999-01-01
49017,Filipp,Flanders,F,1965-01-07,1990-11-26,9999-01-01
49119,Lena,Peek,F,1965-01-09,1991-05-16,9999-01-01
49177,Tze,Bach,M,1965-01-03,1999-03-09,9999-01-01
49464,Siddarth,Cappelletti,M,1965-01-14,1999-09-10,9999-01-01
49477,Baocai,Leaver,F,1965-01-14,1998-08-05,9999-01-01
50293,Xinan,Rindone,M,1965-01-26,1996-10-08,9999-01-01
50311,Mooi,Stafford,M,1965-01-24,1996-10-06,9999-01-01
50453,Aron,Harbusch,F,1965-01-12,1997-10-02,9999-01-01
50670,Boguslaw,Snedden,F,1965-01-30,1985-02-20,9999-01-01
50831,Marie,Khalid,M,1965-01-06,1996-06-11,9999-01-01
51036,Chriss,Fasbender,F,1965-01-29,1995-05-23,9999-01-01
51057,Theirry,Albarhamtoshy,M,1965-01-29,1991-09-27,9999-01-01
51060,Youngkon,Rohrbach,M,1965-01-15,1989-10-20,9999-01-01
51142,Rosine,Lakshmanan,F,1965-01-29,1986-01-31,9999-01-01
52038,Chikako,Armand,M,1965-01-13,1985-05-18,9999-01-01
52040,Phule,Heijenga,M,1965-01-14,1996-12-08,9999-01-01
52283,Trygve,Krupka,M,1965-01-20,1994-03-11,9999-01-01
52386,Adas,Denti,M,1965-01-28,1986-05-30,9999-01-01
52590,Jouni,Munoz,M,1965-01-21,1996-10-07,9999-01-01
52599,Augustine,Mungall,F,1965-01-25,1994-01-13,9999-01-01
52639,Arup,Colorni,M,1965-01-09,1996-02-05,9999-01-01
52770,Shugo,Yurek,M,1965-01-31,1992-08-28,9999-01-01
52778,Alain,Penn,M,1965-01-15,1986-05-03,9999-01-01
52956,Khalil,Picci,F,1965-01-31,1998-11-24,9999-01-01
52970,Lobel,Werthner,M,1965-01-22,1988-03-17,9999-01-01
53278,Premsyl,Lortz,M,1965-01-31,1993-02-01,9999-01-01
53314,Eberhardt,Carrera,F,1965-01-06,1999-02-23,9999-01-01
53431,Sham,Vasanthakumar,M,1965-01-12,1993-05-24,9999-01-01
53499,Zdislav,Mandelberg,F,1965-01-20,1994-09-11,9999-01-01
53597,Jiafu,Marchegay,M,1965-01-30,1985-03-02,9999-01-01
53874,Bodo,Schade,M,1965-01-23,1986-02-14,9999-01-01
53924,Arnould,Gaughan,F,1965-01-27,1991-01-23,9999-01-01
54198,Shaowen,Segond,M,1965-01-01,1986-01-06,9999-01-01
54632,Etsuo,Serot,M,1965-01-19,1989-06-14,9999-01-01
54795,Sumant,Nergos,F,1965-01-29,1994-03-02,9999-01-01
54800,Breannda,Cangellaris,M,1965-01-13,2000-01-27,9999-01-01
55640,Adit,Syrotiuk,F,1965-01-25,1993-07-16,9999-01-01
55687,Shih,Lindqvist,M,1965-01-02,1995-03-29,9999-01-01
55799,Jianwen,Litzler,F,1965-01-23,1987-06-17,9999-01-01
55857,Adin,Scallan,M,1965-01-18,1987-09-15,9999-01-01
56105,Makato,Remmers,F,1965-01-11,1989-04-16,9999-01-01
56209,Remzi,Douceur,M,1965-01-19,1992-12-01,9999-01-01
56415,Sigeru,Nivat,M,1965-01-30,1991-10-24,9999-01-01
56428,Olivera,Hanabata,M,1965-01-27,1986-11-10,9999-01-01
56682,Roded,Picco,F,1965-01-28,1993-11-06,9999-01-01
56829,Nagui,Gruenwald,M,1965-01-09,1997-06-14,9999-01-01
56847,Menkae,Chinin,M,1965-01-14,1998-08-27,9999-01-01
57934,Sanjoy,Boudaillier,M,1965-01-25,1989-12-27,9999-01-01
58141,Bezalel,Karner,M,1965-01-05,1994-09-27,9999-01-01
58147,Shigenori,Sullins,M,1965-01-09,1988-02-24,9999-01-01
58384,Mariusz,Vural,F,1965-01-22,1993-11-14,9999-01-01
58454,Ziya,Zambonelli,M,1965-01-25,1999-06-29,9999-01-01
58497,Yechiam,Cairo,M,1965-01-22,2000-10-21,9999-01-01
58819,Gennady,Liesche,F,1965-01-04,1987-12-02,9999-01-01
58990,Palash,Trelles,M,1965-01-04,1998-11-18,9999-01-01
59195,Ronnie,Pollock,M,1965-01-08,1990-06-19,9999-01-01
59640,Zita,Hiltgen,F,1965-01-18,1999-01-26,9999-01-01
59869,Zsolt,Riefers,M,1965-02-01,1987-09-25,9999-01-01
59966,Steen,Salvesen,M,1965-01-28,1993-02-03,9999-01-01
60000,Heekeun,Emmart,M,1965-01-16,1995-09-23,9999-01-01
60091,Surveyors,Bade,F,1965-02-01,1990-04-11,9999-01-01
60238,Erzsebet,Claffy,F,1965-01-23,1999-02-19,9999-01-01
60559,Jeanna,Stemann,M,1965-01-19,1988-08-29,9999-01-01
60821,Moty,Mersereau,F,1965-01-02,1991-09-03,9999-01-01
60845,Bedir,Siegrist,F,1965-01-14,1997-05-13,9999-01-01
60875,Rildo,Masaki,F,1965-01-21,1990-01-14,9999-01-01
60959,Tetsushi,Sridhar,M,1965-01-09,1989-10-19,9999-01-01
61147,Leszek,Werthner,M,1965-01-30,1999-03-03,9999-01-01
61253,Cheong,Uhrik,M,1965-01-09,2002-05-09,9999-01-01
61377,Dannz,Ohori,M,1965-01-01,1997-04-13,9999-01-01
61541,Kasidit,Papsdorf,M,1965-01-08,1993-08-17,9999-01-01
61873,Woody,Rusmann,M,1965-01-19,1993-02-26,9999-01-01
62033,Heeju,Cappelli,M,1965-01-24,1987-01-15,9999-01-01
62046,Karlis,Nanard,M,1965-01-31,1992-09-19,9999-01-01
62245,Adel,Bressoud,F,1965-01-01,1995-08-30,9999-01-01
63294,Tetsushi,Tanemo,M,1965-01-23,1997-03-01,9999-01-01
63419,Hiroyasu,Seuren,F,1965-01-14,1989-03-05,9999-01-01
63441,Hinrich,Scallan,F,1965-01-15,1999-04-04,9999-01-01
63566,Heekeun,Slaats,F,1965-01-31,1999-01-12,9999-01-01
63631,Falguni,Cherinka,M,1965-01-22,1987-10-15,9999-01-01
63706,Sedat,Itzigehl,F,1965-01-26,1997-07-31,9999-01-01
64023,Laurentiu,Benzmuller,M,1965-01-11,1999-11-08,9999-01-01
64209,Golgen,Schoegge,M,1965-01-24,1988-02-26,9999-01-01
64487,Tsutomu,Rebaine,M,1965-01-27,1986-09-17,9999-01-01
64532,Atilio,Segond,M,1965-01-23,1990-11-29,9999-01-01
64632,Zsolt,Brender,F,1965-01-07,1996-02-21,9999-01-01
64790,Shin,Piveteau,M,1965-01-29,1985-04-19,9999-01-01
64828,Krister,Pappas,F,1965-01-27,1999-09-30,9999-01-01
64984,Eldridge,Eldridge,F,1965-01-06,1994-08-04,9999-01-01
65171,Jeane,Tasistro,M,1965-01-25,1994-07-06,9999-01-01
65539,Aksel,Picaronny,M,1965-01-23,1991-01-27,9999-01-01
65883,Patricia,Pepe,M,1965-01-07,1991-04-19,9999-01-01
65998,Mandell,Alameldin,F,1965-01-09,1989-04-08,9999-01-01
66382,Domenico,Candan,F,1965-01-04,1997-07-13,9999-01-01
66530,Dung,Leaver,M,1965-01-29,1998-04-04,9999-01-01
66643,Jianhao,Tomescu,F,1965-01-18,1996-08-26,9999-01-01
66702,Deniz,Thibadeau,F,1965-02-01,1994-09-27,9999-01-01
66757,Yonghong,Baig,M,1965-01-16,1999-04-10,9999-01-01
66807,Aiman,Rosaz,F,1965-01-21,1990-05-22,9999-01-01
67320,Sadok,Lorys,M,1965-01-18,1987-05-10,9999-01-01
67548,Fumitaka,Roohalamini,M,1965-01-11,1998-06-27,9999-01-01
67934,Aiman,Gargeya,M,1965-01-07,1985-03-07,9999-01-01
68416,Munenori,Debuse,F,1965-01-27,1990-11-08,9999-01-01
68608,Yucai,Seghrouchni,M,1965-01-26,1989-06-09,9999-01-01
68633,Chinhyun,Rassart,F,1965-01-28,1993-07-29,9999-01-01
68648,Jaques,DiGiano,M,1965-01-25,1992-04-01,9999-01-01
69052,Shietung,Shrader,M,1965-01-26,1995-08-05,9999-01-01
69219,Shuky,Redmiles,F,1965-01-09,1994-11-19,9999-01-01
69867,Miyeon,Rothe,M,1965-01-22,1991-04-09,9999-01-01
69878,Chinya,Cooke,M,1965-01-24,1997-01-29,9999-01-01
69936,Lalit,Unni,F,1965-01-23,1999-01-31,9999-01-01
70469,Tru,Miyakawa,M,1965-01-12,1990-09-03,9999-01-01
70990,Arumugam,Nitta,F,1965-01-22,1990-03-23,9999-01-01
71066,Domenick,Basart,F,1965-01-27,1996-01-05,9999-01-01
71141,Sajjad,Vitiello,F,1965-01-02,1992-02-17,9999-01-01
71188,Pranjal,Schapiro,M,1965-01-02,1986-12-14,9999-01-01
71243,Kinh,Buchter,F,1965-01-10,1986-03-29,9999-01-01
71334,Cathie,Peck,M,1965-01-15,2001-03-04,9999-01-01
71685,Kristinn,Olano,F,1965-01-01,1989-10-03,9999-01-01
71710,Hitomi,Takanami,F,1965-01-31,1997-12-15,9999-01-01
71745,Adil,Laventhal,M,1965-01-02,1992-05-13,9999-01-01
72190,Sajjad,Waeselynck,F,1965-01-19,1999-09-13,9999-01-01
72194,Feiyu,Siepmann,M,1965-01-26,1998-10-01,9999-01-01
72232,Naraig,Veldwijk,F,1965-01-10,1989-07-10,9999-01-01
72640,Honglan,Hutton,F,1965-01-24,1993-10-04,9999-01-01
72918,Takahira,Szilard,M,1965-01-22,1988-01-16,9999-01-01
73076,Froduald,Feldhoffer,F,1965-01-22,1993-03-16,9999-01-01
73233,Shigeo,Merey,F,1965-01-15,1985-07-30,9999-01-01
73516,Qingxiang,Badache,F,1965-01-14,1989-06-25,9999-01-01
73743,Anneke,Bernardeschi,M,1965-01-15,2000-10-15,9999-01-01
74200,Holgard,Weiland,F,1965-01-16,1991-09-24,9999-01-01
74344,Hiroyasu,Provine,M,1965-02-01,1994-11-25,9999-01-01
74668,Masako,Bonifati,F,1965-01-01,1987-04-09,9999-01-01
74800,Yuuichi,Conde,F,1965-01-25,1989-03-08,9999-01-01
75354,Shuky,Jakobus,M,1965-01-11,1986-06-16,9999-01-01
75703,Kyoichi,Erman,M,1965-01-08,1996-07-25,9999-01-01
76189,Kolar,Hinsberger,F,1965-01-02,1986-10-20,9999-01-01
76201,Arif,Preusig,M,1965-01-10,1992-04-02,9999-01-01
76640,Tristan,Mitsuhashi,M,1965-01-02,1994-07-13,9999-01-01
77030,Faiza,Garnham,F,1965-01-02,1986-03-02,9999-01-01
77303,Xinglin,Birge,F,1965-01-18,1992-03-05,9999-01-01
77647,Niranjan,Schaaf,F,1965-01-07,1989-11-05,9999-01-01
77815,Ronghao,Picaronny,M,1965-01-21,1993-06-09,9999-01-01
78106,Ashish,Ratnaker,M,1965-01-09,2000-01-17,9999-01-01
78363,Susumu,Fritzsche,M,1965-01-03,1998-06-23,9999-01-01
78469,Leucio,Cappelli,M,1965-01-28,1997-08-22,9999-01-01
78871,Conor,Ghandeharizadeh,M,1965-01-15,1985-05-25,9999-01-01
79043,Katsuo,Hockney,M,1965-01-24,1999-11-07,9999-01-01
79171,Guiseppe,Ellozy,M,1965-01-19,1991-01-12,9999-01-01
79310,Jeong,Cunliffe,F,1965-01-24,1996-10-27,9999-01-01
79606,Arnd,Peir,F,1965-01-03,1986-12-11,9999-01-01
79763,Sanjoy,Barreiro,M,1965-01-20,1988-04-09,9999-01-01
79895,Fei,Murtagh,M,1965-01-30,1986-01-19,9999-01-01
80067,Kazuhisa,Weiland,M,1965-01-19,1985-11-09,9999-01-01
80203,Shakhar,Baik,M,1965-01-22,1993-12-01,9999-01-01
80432,Stella,Figueira,F,1965-01-17,1990-03-14,9999-01-01
80731,Shaowen,Eldridge,M,1965-01-25,1987-12-05,9999-01-01
80850,Koldo,Luit,M,1965-02-01,1995-04-16,9999-01-01
80889,Shigeo,Linnainmaa,F,1965-01-07,1985-07-30,9999-01-01
80948,Harjit,Bardell,M,1965-01-27,1991-05-24,9999-01-01
81105,Jaewon,Boissier,M,1965-01-14,1992-05-24,9999-01-01
81545,Larisa,Kornyak,M,1965-01-13,2000-02-07,9999-01-01
81644,Divine,Ghandeharizadeh,M,1965-01-05,1997-11-28,9999-01-01
81995,Sreekrishna,Brender,M,1965-01-10,1990-03-22,9999-01-01
82069,Yechezkel,Perfilyeva,F,1965-01-20,1994-11-03,9999-01-01
82098,Poornachandra,Wilharm,F,1965-01-25,1991-04-20,9999-01-01
82351,Stevo,Thambidurai,F,1965-01-26,1989-10-27,9999-01-01
82511,Uwe,Koblick,F,1965-01-27,1998-04-04,9999-01-01
82919,Shigeu,Claffy,M,1965-01-05,1998-12-19,9999-01-01
82928,Alselm,Rikino,F,1965-01-27,1990-11-16,9999-01-01
83280,Francesca,Ellozy,M,1965-01-07,1999-08-08,9999-01-01
83289,Shigeichiro,Engelmann,M,1965-01-09,1994-01-09,9999-01-01
83509,Breannda,Collavizza,M,1965-01-04,1989-10-12,9999-01-01
83544,Leaf,Baak,M,1965-01-18,1994-09-05,9999-01-01
83714,Ohad,Kilgore,M,1965-01-27,2000-10-10,9999-01-01
83805,Manohar,Harllee,F,1965-01-23,1987-03-11,9999-01-01
83941,Zsolt,Hagimont,F,1965-01-11,1996-10-08,9999-01-01
84029,Babette,Eugenio,F,1965-01-27,1997-09-21,9999-01-01
84179,Shuichi,Nanard,F,1965-01-25,1989-03-14,9999-01-01
84236,Eberhardt,Barriga,F,1965-01-18,1987-06-04,9999-01-01
84315,Kristina,Baumann,M,1965-01-23,1996-09-26,9999-01-01
84451,Shiv,Aumann,M,1965-01-20,1998-06-14,9999-01-01
84508,Tommaso,Vidya,M,1965-01-17,1998-05-02,9999-01-01
84840,Sverrir,Neimat,M,1965-01-14,1996-11-03,9999-01-01
84922,Parke,Unno,F,1965-01-22,1996-07-01,9999-01-01
84942,Shin,Fujisaki,F,1965-01-15,1988-02-23,9999-01-01
85216,Ferdinand,Rosiles,F,1965-01-18,1997-07-08,9999-01-01
85288,Younwoo,Luders,M,1965-01-06,1998-12-08,9999-01-01
85414,Chiradeep,Callaway,F,1965-01-14,1999-07-30,9999-01-01
85445,Yongdong,Pollock,M,1965-01-09,1998-03-17,9999-01-01
85702,Udi,Merks,M,1965-01-04,1997-08-15,9999-01-01
85874,Pasqua,Taubman,F,1965-01-30,1986-06-23,9999-01-01
86213,Kristine,Clemencon,M,1965-01-28,1993-06-01,9999-01-01
86354,Ronghao,Segond,F,1965-01-27,1993-09-13,9999-01-01
86422,Jaewon,Thummel,F,1965-02-01,1985-09-14,9999-01-01
86546,Oldrich,Woycyznski,F,1965-01-09,1985-05-15,9999-01-01
86655,Zhenhua,Lorys,F,1965-01-01,1995-08-21,9999-01-01
86672,JoAnne,Anido,F,1965-01-15,1995-09-15,9999-01-01
87129,Keung,Neiman,F,1965-01-16,1997-04-13,9999-01-01
87353,Quingbo,Coombs,M,1965-01-07,1999-01-17,9999-01-01
87714,Khun,Janetzko,M,1965-01-16,1989-09-13,9999-01-01
87729,Yongmin,Roccetti,M,1965-01-24,1986-12-10,9999-01-01
87783,Conor,Thorensen,M,1965-01-26,1988-02-24,9999-01-01
88103,Goo,Bresenham,M,1965-01-09,1999-01-31,9999-01-01
88411,Lena,Cannane,F,1965-01-31,2000-01-28,9999-01-01
88422,Jungsoon,Birsak,M,1965-01-28,1985-04-03,9999-01-01
88647,Vasiliy,Ratnaker,M,1965-01-10,1995-08-09,9999-01-01
88958,Vojin,Coombs,F,1965-01-22,1995-07-23,9999-01-01
88965,Mang,Hedayat,F,1965-01-20,1995-05-22,9999-01-01
89048,Otmar,Birjandi,F,1965-01-24,1985-03-23,9999-01-01
89090,Tetsushi,Theuretzbacher,F,1965-01-26,1990-02-01,9999-01-01
89161,Conal,Yetto,M,1965-01-07,1991-01-12,9999-01-01
89207,Along,Erol,F,1965-01-15,1992-10-16,9999-01-01
89346,Mansur,Comyn,M,1965-01-13,1999-08-31,9999-01-01
89590,Guther,Rothenberg,F,1965-01-27,1991-08-08,9999-01-01
89664,Pranjal,Rossi,M,1965-01-20,1998-07-07,9999-01-01
89680,Aiman,Mawatari,F,1965-01-27,1988-05-01,9999-01-01
89806,Xiadong,Shinomoto,M,1965-01-27,1997-05-24,9999-01-01
89922,Alexius,Ibel,M,1965-01-26,1988-04-24,9999-01-01
89941,Arnould,Weedman,F,1965-01-23,1989-07-28,9999-01-01
90077,Vivian,Guerreiro,M,1965-01-24,1991-07-08,9999-01-01
90084,Renny,Bale,M,1965-01-01,1989-11-22,9999-01-01
90211,Bader,Denis,F,1965-01-15,1997-10-06,9999-01-01
90292,Koichi,Assaf,M,1965-01-09,1990-05-26,9999-01-01
90518,Fumiko,Chepyzhov,M,1965-01-24,1988-01-28,9999-01-01
90614,Yonghoan,Trogemann,M,1965-01-29,1988-09-23,9999-01-01
90692,Rajmohan,DasSarma,M,1965-01-03,1985-09-14,9999-01-01
91172,Kazuhisa,Melter,M,1965-01-19,1987-07-16,9999-01-01
91182,Lucien,Schwartzburd,F,1965-01-04,1988-08-25,9999-01-01
91229,Yahiko,Hebden,M,1965-01-01,1996-10-03,9999-01-01
91256,Gunilla,Milicic,M,1965-01-13,1998-01-09,9999-01-01
91333,Lobel,Stafford,M,1965-01-27,1998-11-29,9999-01-01
91415,Jamaludin,Nilsson,M,1965-01-04,1987-01-15,9999-01-01
91648,Dmitry,Msuda,F,1965-01-29,1988-10-22,9999-01-01
92438,Aria,Kilgore,M,1965-01-04,1992-04-11,9999-01-01
92454,Visit,McFarlan,M,1965-01-24,1987-10-22,9999-01-01
92577,Zhanqiu,Farrow,M,1965-01-06,1999-01-10,9999-01-01
92598,Ranga,Merro,M,1965-01-18,1996-05-11,9999-01-01
92685,Mang,Atchley,M,1965-01-26,1995-06-07,9999-01-01
92841,Claude,Candan,M,1965-01-22,1993-08-04,9999-01-01
92846,Anyuan,Kropatsch,M,1965-01-11,1986-09-05,9999-01-01
92920,Huei,Hutter,M,1965-01-20,1993-01-28,9999-01-01
93040,Jaques,Kabayashi,F,1965-01-19,1992-03-13,9999-01-01
93220,Richara,Walston,M,1965-01-11,1996-08-27,9999-01-01
93278,Magdalena,Penn,F,1965-02-01,1997-01-04,9999-01-01
93549,Arie,Coullard,F,1965-02-01,2000-03-28,9999-01-01
93600,Kristina,Neimat,M,1965-01-13,1988-04-18,9999-01-01
94331,Ramzi,Cronau,M,1965-01-26,1999-09-03,9999-01-01
94416,Aran,Cesareni,F,1965-01-01,2001-11-20,9999-01-01
94761,Hitofumi,Zaccaria,M,1965-01-27,1988-11-22,9999-01-01
94944,Heping,Matheson,M,1965-01-13,1988-06-24,9999-01-01
95181,Yishai,Cappelli,F,1965-01-28,1997-01-30,9999-01-01
95286,Kristin,Guerreiro,F,1965-01-18,1989-08-23,9999-01-01
95314,Rasiah,Koblick,F,1965-01-22,1991-08-21,9999-01-01
95406,Alair,Lyonns,M,1965-01-08,1997-07-12,9999-01-01
95416,Gianluca,Ramaiah,M,1965-01-13,1993-11-29,9999-01-01
95509,Kristinn,Loncour,F,1965-01-11,1995-02-08,9999-01-01
95920,Nobuyoshi,Hegner,F,1965-01-19,1994-09-07,9999-01-01
96571,Kokou,Garrabrants,F,1965-01-13,1997-11-05,9999-01-01
96579,Mohan,Tasistro,M,1965-01-18,1996-02-10,9999-01-01
96767,Arumugam,Vecchio,F,1965-01-07,1985-08-14,9999-01-01
97018,Jeanna,Chinen,F,1965-01-09,1989-01-01,9999-01-01
97623,Haldon,Janetzko,M,1965-01-25,1990-09-11,9999-01-01
97661,Avishai,Hegner,M,1965-01-31,1993-05-08,9999-01-01
98288,Sumali,Huttel,F,1965-01-12,1989-09-12,9999-01-01
98306,Ziya,Kadhim,M,1965-01-16,1999-06-24,9999-01-01
98639,Florina,Assaf,M,1965-01-29,1996-05-18,9999-01-01
99057,Shugo,Reeken,M,1965-01-30,1999-06-21,9999-01-01
99373,Xiaobin,Christianini,M,1965-01-13,1985-12-25,9999-01-01
99377,Carrsten,Francisci,F,1965-01-18,1991-06-16,9999-01-01
99590,Dhritiman,Anily,F,1965-01-24,1998-12-16,9999-01-01
99654,Mahendra,Motley,F,1965-01-30,1985-09-28,9999-01-01
100865,Hisao,Peral,M,1965-01-19,1990-10-03,9999-01-01
100916,Heejo,Aamodt,M,1965-01-18,1992-04-22,9999-01-01
101487,Abdelaziz,Sury,M,1965-01-14,1991-01-31,9999-01-01
101647,Mori,Homond,M,1965-01-22,1994-05-10,9999-01-01
101902,Mantis,Millington,M,1965-01-14,1991-03-18,9999-01-01
102620,Adin,Templeman,M,1965-01-03,1999-08-12,9999-01-01
103196,Djenana,Albarhamtoshy,M,1965-01-16,1988-07-16,9999-01-01
103310,Visit,Swen,F,1965-01-07,1995-10-02,9999-01-01
103316,Susanne,Peternell,M,1965-01-03,1994-07-27,9999-01-01
103342,Beshir,Hellwagner,M,1965-01-03,1998-02-03,9999-01-01
103756,Heping,Halloran,M,1965-01-31,1992-04-08,9999-01-01
104133,Pranjal,Zyda,M,1965-01-31,1991-07-03,9999-01-01
104845,Werner,Lodder,M,1965-01-29,1992-06-17,9999-01-01
104988,Parviz,Litzler,M,1965-01-07,1992-08-08,9999-01-01
105342,Kwun,Reeker,F,1965-01-01,1999-07-29,9999-01-01
105356,Diederik,Matzov,M,1965-01-29,1995-03-08,9999-01-01
105432,Mohamadou,Stafford,M,1965-01-08,1995-09-12,9999-01-01
105520,Haldun,Lienhardt,M,1965-01-01,1987-01-29,9999-01-01
105731,Sachem,Cromarty,F,1965-01-15,1990-08-20,9999-01-01
106096,Naftali,Schurmann,M,1965-01-14,1992-12-02,9999-01-01
106242,Nevio,Thisen,M,1965-02-01,1988-03-25,9999-01-01
106695,Lijie,Garrabrants,F,1965-01-31,1988-10-26,9999-01-01
106710,Babette,Anandan,M,1965-01-31,1986-11-22,9999-01-01
107486,Siamak,Luiz,F,1965-01-23,1987-02-11,9999-01-01
107737,Fabrizio,Chleq,M,1965-01-23,1999-07-31,9999-01-01
107792,Shahab,Crooks,M,1965-01-13,1992-03-18,9999-01-01
107828,Ramya,Walston,M,1965-01-26,1989-02-03,9999-01-01
108091,Hisao,Ghemri,M,1965-01-09,1985-11-14,9999-01-01
108198,Randi,Samarati,F,1965-01-24,1992-10-20,9999-01-01
108316,Shai,Stellhorn,F,1965-01-02,1992-05-21,9999-01-01
108988,Oksana,Baek,M,1965-01-19,1989-07-20,9999-01-01
109062,Jamaludin,Kandlur,M,1965-02-01,1992-06-19,9999-01-01
109211,Gor,Delgrande,M,1965-01-11,2002-06-18,9999-01-01
109252,Moty,Winter,M,1965-01-15,1991-04-28,9999-01-01
109278,Bangqing,Schach,M,1965-01-21,1988-03-22,9999-01-01
109552,Menkae,Etalle,F,1965-01-31,1997-05-21,9999-01-01
109598,Stamatina,Auyong,M,1965-02-01,1988-07-05,9999-01-01
109620,Mani,Cannata,F,1965-01-02,1989-06-21,9999-01-01
109703,Arco,Walston,M,1965-01-17,1999-08-16,9999-01-01
109741,Hatem,Fadgyas,M,1965-01-11,1991-11-13,9999-01-01
109953,Godehard,Chorvat,F,1965-01-26,1988-04-10,9999-01-01
200267,Chuanti,Luff,M,1965-01-08,1994-09-21,9999-01-01
200312,Akemi,Fujisaki,F,1965-01-27,2001-11-13,9999-01-01
200363,Kirk,Quaggetto,F,1965-01-10,1987-06-30,9999-01-01
200735,Dinah,Denos,F,1965-01-09,1992-09-21,9999-01-01
200789,Susumu,Camurati,F,1965-01-14,1991-12-15,9999-01-01
201229,Alejandra,Khasidashvili,M,1965-01-03,1994-07-30,9999-01-01
201708,Anneli,Perl,F,1965-01-15,1992-09-08,9999-01-01
201709,Fan,Kakkad,M,1965-01-01,1988-02-25,9999-01-01
201739,Genta,Terekhov,F,1965-01-16,1998-07-21,9999-01-01
201801,Waiman,Genin,M,1965-01-12,1988-10-30,9999-01-01
201915,Sudharsan,DeMori,M,1965-01-02,1992-03-30,9999-01-01
202291,Ortrun,Schmiedel,F,1965-01-16,1997-07-18,9999-01-01
202403,Gully,Perko,F,1965-01-09,1999-07-07,9999-01-01
202414,Zvonko,Murthy,F,1965-01-13,1992-01-07,9999-01-01
202552,Morris,Saoudi,M,1965-01-05,1991-11-22,9999-01-01
202826,Kerhong,Matzke,M,1965-01-19,1986-11-14,9999-01-01
202882,Isaac,Koshino,M,1965-01-25,1995-09-28,9999-01-01
202950,Giordano,Pietrzykowski,F,1965-01-17,1987-03-26,9999-01-01
203474,Hugh,Jonsson,M,1965-01-03,1991-07-06,9999-01-01
203495,Zongyan,Gips,M,1965-01-02,1997-05-31,9999-01-01
203599,Ewing,DiGiano,M,1965-01-21,2000-02-01,9999-01-01
203720,Sasan,Thimonier,M,1965-01-30,1996-08-21,9999-01-01
203946,Yefim,Marwedel,F,1965-01-23,1993-03-30,9999-01-01
204117,Jessie,Nooteboom,M,1965-01-10,2000-12-13,9999-01-01
204133,Susuma,Bergere,M,1965-01-22,1996-02-25,9999-01-01
204246,Arve,Worfolk,M,1965-01-09,1985-04-01,9999-01-01
204425,Gretta,Huttel,F,1965-01-03,1990-10-08,9999-01-01
204470,Hein,Lichtner,M,1965-01-22,1998-05-02,9999-01-01
204471,Franziska,Maginnis,F,1965-01-27,1986-02-17,9999-01-01
204764,Susanne,Mandelberg,M,1965-01-22,1990-11-02,9999-01-01
205018,Yahiko,Awdeh,M,1965-01-26,1998-08-05,9999-01-01
205085,Moni,Kornyak,M,1965-01-23,1991-09-26,9999-01-01
205174,Leszek,Spinelli,M,1965-01-05,1998-12-10,9999-01-01
205500,Mary,Setiz,F,1965-01-04,1989-01-13,9999-01-01
205627,Stabislas,Broder,M,1965-01-21,1996-07-16,9999-01-01
205660,Kien,Barreiro,M,1965-01-27,2000-10-24,9999-01-01
205699,Youjian,Yetto,M,1965-01-31,1994-12-07,9999-01-01
205789,Limsoon,Skafidas,M,1965-01-31,1999-08-10,9999-01-01
205863,Aiichiro,Kusalik,M,1965-01-06,1990-10-04,9999-01-01
206748,Yucai,Fabrizio,F,1965-01-07,1999-10-06,9999-01-01
206836,Guadalupe,Pfau,M,1965-01-12,1993-03-22,9999-01-01
206966,Tzu,Sichman,M,1965-01-21,1987-11-17,9999-01-01
207021,Jacqueline,Akaboshi,M,1965-01-20,1997-12-06,9999-01-01
207068,Zhiguo,Ariola,M,1965-01-13,1994-09-07,9999-01-01
207204,Kellie,Schrooten,M,1965-01-25,1991-01-17,9999-01-01
207401,Shuji,Barbanera,M,1965-01-04,1987-08-10,9999-01-01
207551,Baziley,Falck,M,1965-01-15,1995-02-18,9999-01-01
207779,Chinya,Kamble,M,1965-01-16,1992-05-31,9999-01-01
207980,Remko,Vieth,M,1965-01-07,1990-11-22,9999-01-01
208147,Manu,Rothenberg,M,1965-01-09,1988-12-06,9999-01-01
208330,Shen,Flanders,F,1965-01-11,1989-07-03,9999-01-01
208639,Larisa,Lukaszewicz,M,1965-01-27,1996-10-30,9999-01-01
208653,Phillip,Schade,F,1965-01-23,1989-03-03,9999-01-01
208784,Pranjal,Juneja,F,1965-01-30,1985-03-21,9999-01-01
209101,Xinyu,Edelhoff,M,1965-01-05,1997-10-26,9999-01-01
209443,Krassimir,Garnier,M,1965-01-19,1998-01-26,9999-01-01
209565,Dante,Covnot,M,1965-01-09,1989-05-28,9999-01-01
209712,Nimmagadda,Baak,F,1965-01-17,1987-10-30,9999-01-01
210017,Shalesh,Lovengreen,M,1965-01-28,1990-09-29,9999-01-01
210292,Lihong,Zeilberger,M,1965-01-18,1996-04-28,9999-01-01
210449,Gino,Lagarias,M,1965-01-19,1997-06-22,9999-01-01
210752,Saniya,Stenning,F,1965-01-25,1986-12-10,9999-01-01
210786,Werner,Ranze,M,1965-01-31,1998-06-05,9999-01-01
211858,Domenico,Ratnaker,F,1965-01-08,1985-03-24,9999-01-01
211879,Gao,Ranze,F,1965-01-12,1994-11-24,9999-01-01
211967,Anwar,Bain,M,1965-01-07,1989-01-22,9999-01-01
212093,Leni,Henders,M,1965-01-11,1993-11-19,9999-01-01
212154,Sailaja,Holburn,M,1965-01-17,1991-03-04,9999-01-01
212361,Claudi,Stanfel,M,1965-01-16,1996-01-07,9999-01-01
213016,Yongmao,Fontan,M,1965-01-22,1993-07-26,9999-01-01
213140,Tru,Danecki,M,1965-01-10,1997-03-31,9999-01-01
213384,Pranas,Narwekar,F,1965-01-04,1985-09-26,9999-01-01
213447,Armond,Perly,M,1965-02-01,1989-09-14,9999-01-01
214215,Xiaoqiang,Cardazo,M,1965-01-25,1993-05-28,9999-01-01
214391,Rayond,Klassen,F,1965-01-15,1993-09-11,9999-01-01
214427,Peer,Molberg,F,1965-01-29,1996-11-17,9999-01-01
214539,Ingmar,Kohling,F,1965-01-27,1995-04-25,9999-01-01
214634,Shirish,Vickson,F,1965-01-12,1989-10-24,9999-01-01
214789,Arfst,Chepyzhov,F,1965-01-28,1989-02-06,9999-01-01
214866,Gopalakrishnan,Angel,F,1965-02-01,1997-07-05,9999-01-01
214995,Dinkar,Hoppenstand,M,1965-01-12,1994-05-04,9999-01-01
215419,Flemming,Kroha,M,1965-01-16,1995-01-23,9999-01-01
215629,Munehiro,Manders,M,1965-01-15,1987-05-18,9999-01-01
215746,Sven,Speer,M,1965-01-08,1999-07-08,9999-01-01
215843,Pramod,Loncour,F,1965-01-30,1987-03-31,9999-01-01
216054,Sahrah,Angiulli,M,1965-01-24,1986-07-31,9999-01-01
216342,Aiichiro,Cromarty,M,1965-01-22,1995-06-10,9999-01-01
216375,Byong,Gustavson,M,1965-01-16,1985-03-12,9999-01-01
216502,Xiaocheng,Suermann,F,1965-01-26,1997-12-15,9999-01-01
216573,Ashish,Vidya,F,1965-01-29,1989-06-16,9999-01-01
216921,Lena,Lenart,F,1965-01-22,1990-12-25,9999-01-01
217026,Otmar,Engberts,F,1965-01-11,1993-08-16,9999-01-01
217080,Masami,Puoti,M,1965-01-12,2000-01-21,9999-01-01
217272,Yuchang,Eldridge,M,1965-01-21,1986-08-01,9999-01-01
217286,Yannik,Spelt,F,1965-01-05,1992-09-22,9999-01-01
217320,Abdelwaheb,Denis,F,1965-01-10,1993-09-10,9999-01-01
217363,Horward,Marzano,M,1965-01-14,1996-04-11,9999-01-01
217387,Jianhao,Molenaar,M,1965-01-21,1987-10-22,9999-01-01
217551,Panayotis,Lukaszewicz,F,1965-01-02,1989-06-06,9999-01-01
217800,Shay,Servieres,F,1965-02-01,1998-08-06,9999-01-01
218022,Mokhtar,Poupard,M,1965-01-26,1992-02-02,9999-01-01
218100,Jiong,Garnham,M,1965-01-24,1990-01-02,9999-01-01
218831,Unal,DuBourdieux,F,1965-01-16,1996-03-13,9999-01-01
219035,Kristine,Bierman,F,1965-01-18,1988-05-13,9999-01-01
219047,Aemilian,Kusalik,M,1965-01-30,1987-05-27,9999-01-01
219052,Marsal,Acton,F,1965-01-06,1995-08-02,9999-01-01
219417,Subhrajyoti,Denna,M,1965-01-29,1996-07-25,9999-01-01
219497,Moie,Zastre,F,1965-01-22,1991-10-11,9999-01-01
219967,Susanna,Reeken,F,1965-01-16,1998-03-16,9999-01-01
220029,Demos,Asser,F,1965-01-17,1985-11-04,9999-01-01
220131,Reinhard,Slaats,F,1965-01-09,1994-06-08,9999-01-01
220418,Poorav,Laventhal,F,1965-01-23,1997-08-16,9999-01-01
220528,Sibyl,Rabehasaina,M,1965-01-06,1998-02-23,9999-01-01
220582,Poornachandra,Zielinski,M,1965-01-08,1996-02-13,9999-01-01
220611,Yuping,Babb,F,1965-01-23,1995-01-31,9999-01-01
220625,Shigenori,Deville,F,1965-01-25,1992-12-24,9999-01-01
220699,Nahid,Gyimothy,M,1965-01-07,1995-08-18,9999-01-01
220799,Perla,Orlowska,F,1965-01-17,1998-10-13,9999-01-01
221126,Tesuya,dAstous,F,1965-01-23,1988-11-29,9999-01-01
221367,Saddek,Farris,F,1965-01-13,1990-11-06,9999-01-01
221369,Abdulah,Pocchiola,F,1965-01-28,1996-08-28,9999-01-01
221435,Djenana,Marrevee,M,1965-01-06,1994-02-06,9999-01-01
221973,Sangeeta,Kalefeld,F,1965-01-17,1990-06-06,9999-01-01
222206,Stein,Uludag,M,1965-01-21,1988-01-30,9999-01-01
222311,Miyeon,Billingsley,M,1965-01-20,1992-12-05,9999-01-01
222319,Matt,Chvatal,M,1965-01-20,1994-11-09,9999-01-01
222354,Valdiodio,Schlumberger,F,1965-01-15,1993-08-07,9999-01-01
222616,Badri,Schapire,F,1965-02-01,1998-01-19,9999-01-01
222770,Kazuhiko,Kushner,F,1965-01-22,1995-08-01,9999-01-01
222878,Annemarie,Zallocco,F,1965-01-10,1996-12-01,9999-01-01
222926,Limsoon,Erol,M,1965-01-10,1997-12-31,9999-01-01
222952,Gopalakrishnan,Suermann,M,1965-01-28,1991-04-30,9999-01-01
222998,Leaf,Awdeh,M,1965-01-07,1992-10-02,9999-01-01
223593,Hidefumi,Moehrke,M,1965-01-20,1998-03-04,9999-01-01
223595,Chiranjit,Dredge,M,1965-02-01,1999-09-05,9999-01-01
224135,Annemarie,Bressoud,F,1965-01-02,1998-06-23,9999-01-01
224335,Perry,Chachaty,F,1965-01-29,1985-07-22,9999-01-01
224390,True,Shobatake,M,1965-01-24,1996-05-17,9999-01-01
224934,George,Miake,M,1965-01-05,1988-01-02,9999-01-01
225438,Remmert,Quaggetto,M,1965-01-14,1992-04-28,9999-01-01
225601,Masasuke,Genin,M,1965-01-13,1994-06-25,9999-01-01
225788,Ipke,Kieras,M,1965-01-08,1995-12-18,9999-01-01
225867,Ramalingam,Remmele,M,1965-01-26,1999-09-03,9999-01-01
225964,Mooi,Cooman,F,1965-01-19,1989-06-07,9999-01-01
226216,Giordano,Gini,F,1965-01-28,1993-08-14,9999-01-01
226227,Herbert,Erva,M,1965-01-07,1986-09-06,9999-01-01
227354,Gio,Murtha,F,1965-01-12,1986-11-11,9999-01-01
227476,Macha,Schnabel,M,1965-01-11,1988-05-11,9999-01-01
227681,Mikhail,Rousseau,F,1965-01-30,1998-11-30,9999-01-01
227899,Garnik,Luce,F,1965-01-23,1998-09-15,9999-01-01
227901,Francesca,Azuma,F,1965-01-26,1996-06-08,9999-01-01
228098,IEEE,Kroll,M,1965-01-18,1998-02-17,9999-01-01
228248,Yuriy,Plump,F,1965-01-09,1988-09-08,9999-01-01
228554,Bilhanan,Brendel,F,1965-01-03,1990-12-23,9999-01-01
228766,Nahla,Smailagic,F,1965-01-11,1993-02-12,9999-01-01
229098,Berry,Yurek,F,1965-01-08,1995-08-16,9999-01-01
229220,Fabrizio,Lichtman,F,1965-01-21,1987-02-09,9999-01-01
229248,Harjit,Terekhov,M,1965-01-27,1995-10-19,9999-01-01
229386,Pohua,Tasistro,F,1965-01-03,1994-11-04,9999-01-01
229391,Paloma,Henseler,M,1965-01-15,1991-06-11,9999-01-01
229404,Gilbert,Kilgour,M,1965-01-11,1996-04-05,9999-01-01
229547,Moni,Schach,M,1965-01-03,1986-07-04,9999-01-01
229727,Ewing,Millington,M,1965-01-23,1999-09-28,9999-01-01
229981,Jamaludin,Fordan,M,1965-01-19,1992-02-06,9999-01-01
230002,Tadahiro,Backhouse,F,1965-01-07,1991-10-02,9999-01-01
230126,Bezalel,Radivojevic,M,1965-01-31,1988-07-02,9999-01-01
230287,Renny,Alameldin,M,1965-01-14,1997-09-28,9999-01-01
230354,Yinghua,Lorho,F,1965-01-31,1991-08-09,9999-01-01
230498,Kolar,Puppo,M,1965-01-15,1990-04-25,9999-01-01
230579,Shahar,Negoita,M,1965-01-17,1994-03-19,9999-01-01
230689,Dietrich,Crabtree,F,1965-01-14,1986-05-24,9999-01-01
230865,Takushi,Brattka,M,1965-01-02,1999-06-03,9999-01-01
231069,Trygve,Siksek,F,1965-01-22,1995-11-09,9999-01-01
231459,Nectarios,Pramanik,M,1965-01-28,1999-11-18,9999-01-01
231671,Chandrasekaran,Pearson,F,1965-01-07,1995-04-14,9999-01-01
231798,Goetz,Alvarado,M,1965-01-28,1988-12-25,9999-01-01
232178,Etsuo,Anandan,F,1965-01-29,1989-12-13,9999-01-01
232209,Nitsan,Rouquie,M,1965-01-11,1988-08-01,9999-01-01
232697,Barry,Ramsak,F,1965-01-23,1990-09-07,9999-01-01
232723,Tesuya,Bugrara,M,1965-01-14,1993-02-13,9999-01-01
233114,Alselm,Gargeya,M,1965-01-20,1987-12-25,9999-01-01
233394,Khalid,Lenart,M,1965-01-06,1995-12-24,9999-01-01
233397,Fay,Sundgren,M,1965-01-16,1990-07-07,9999-01-01
233426,Etsuo,Usery,M,1965-01-12,1995-03-02,9999-01-01
233690,Cedric,Riefers,F,1965-01-17,1994-09-08,9999-01-01
233759,Zissis,Lodder,F,1965-01-14,2000-05-27,9999-01-01
233765,Kotesh,Chachaty,F,1965-01-20,1991-03-25,9999-01-01
233785,Baziley,Ballarin,F,1965-01-30,1987-07-28,9999-01-01
233818,Kellie,Heydon,M,1965-01-01,1985-11-11,9999-01-01
234195,Luerbio,Terkki,M,1965-01-07,1991-05-14,9999-01-01
234739,Foong,Aamodt,M,1965-01-31,1986-06-28,9999-01-01
235017,Irena,Dratva,M,1965-01-17,1991-09-07,9999-01-01
235096,Sverrir,Gyimothy,M,1965-01-21,1995-07-30,9999-01-01
235325,Gro,Prochazka,M,1965-01-06,1992-10-16,9999-01-01
235368,Anneli,Joslin,M,1965-01-09,1987-04-12,9999-01-01
235458,Gio,Heuser,M,1965-01-05,1992-06-28,9999-01-01
235729,Henk,Anger,M,1965-02-01,1993-01-19,9999-01-01
235780,Sampalli,Bergere,F,1965-01-17,1994-04-08,9999-01-01
235793,Jayesh,Spinelli,F,1965-01-03,1999-01-16,9999-01-01
236315,IEEE,Raczkowsky,M,1965-01-31,1996-07-24,9999-01-01
236566,Yechezkel,Maginnis,F,1965-01-17,1992-12-11,9999-01-01
236591,Insup,Reinhard,M,1965-01-11,1985-04-08,9999-01-01
236827,Almudena,Rijckaert,F,1965-01-28,1994-02-16,9999-01-01
236883,Huan,Olivero,F,1965-01-27,1999-11-19,9999-01-01
236964,Adel,Foote,M,1965-01-17,2000-03-20,9999-01-01
238112,Miomir,Frezza,F,1965-01-12,1991-05-25,9999-01-01
238252,Uno,Suppi,M,1965-01-09,1996-12-27,9999-01-01
238422,Vishv,Angelov,M,1965-01-10,1988-03-08,9999-01-01
238949,Minghong,Cronin,F,1965-01-09,1987-10-04,9999-01-01
239067,Tadahiko,Pocchiola,M,1965-01-11,1996-04-02,9999-01-01
239244,Abdulla,Kitai,M,1965-01-13,1987-02-20,9999-01-01
239415,Susumu,Brender,M,1965-01-01,1993-04-17,9999-01-01
239426,Vesna,Fairtlough,F,1965-01-08,2002-05-07,9999-01-01
239664,Sugwoo,Michaels,F,1965-01-04,1992-08-02,9999-01-01
239706,Arunas,Bugrara,M,1965-01-15,1997-04-03,9999-01-01
239748,Bilhanan,Dusink,F,1965-01-23,1988-06-04,9999-01-01
239803,Oscal,Ernst,M,1965-01-30,1992-05-19,9999-01-01
240132,Mizuhito,Kobara,F,1965-02-01,1996-08-09,9999-01-01
240236,True,Tischendorf,M,1965-01-24,1986-01-19,9999-01-01
240285,Kolar,Greenaway,M,1965-01-23,1998-11-14,9999-01-01
240340,Mack,Staylopatis,M,1965-01-14,1985-04-02,9999-01-01
240438,Temple,Cyre,M,1965-01-02,1992-09-30,9999-01-01
240870,Francesca,Chorvat,M,1965-01-06,1992-03-17,9999-01-01
241100,Cedric,Molenaar,M,1965-01-23,1990-10-06,9999-01-01
241254,Jagoda,Anguita,F,1965-01-15,1993-05-11,9999-01-01
241292,Uri,Lampe,M,1965-01-29,2001-12-11,9999-01-01
241567,Emran,Miara,M,1965-01-18,1989-05-02,9999-01-01
241667,Atilio,Olivero,M,1965-01-28,1985-09-04,9999-01-01
241728,Limsoon,Boudaillier,F,1965-01-30,1999-08-08,9999-01-01
241872,Bluma,Fetvedt,F,1965-01-11,2001-11-14,9999-01-01
242019,Herb,Murrill,F,1965-01-09,2001-10-28,9999-01-01
242081,Tomokazu,Pargas,M,1965-01-12,1996-11-15,9999-01-01
242104,Richara,Sudkamp,F,1965-01-05,1989-09-05,9999-01-01
242500,Bingning,Iisaku,M,1965-01-08,1989-06-26,9999-01-01
242800,Kazuyasu,Levergood,F,1965-01-11,1996-02-10,9999-01-01
243018,Bowen,Deverell,F,1965-01-02,1998-12-27,9999-01-01
243077,Kazunori,Perz,F,1965-02-01,1999-02-25,9999-01-01
243576,Abdulah,Lodder,M,1965-01-04,1996-11-10,9999-01-01
243637,Marjo,Delgrange,F,1965-01-16,1990-06-24,9999-01-01
243898,Arch,Basawa,M,1965-01-09,1998-05-10,9999-01-01
244308,Mokhtar,Rebaine,F,1965-01-10,1991-07-23,9999-01-01
244605,Masoud,Suwa,M,1965-01-22,1998-10-10,9999-01-01
244624,Boaz,Seuren,F,1965-01-31,1987-03-27,9999-01-01
244711,Rosli,Butner,M,1965-01-25,1991-03-20,9999-01-01
244714,Poorav,Clouatre,F,1965-01-27,1996-05-06,9999-01-01
244820,Shigenori,Hertweck,F,1965-01-15,1987-04-13,9999-01-01
244873,Arunachalam,Oppitz,M,1965-01-04,1986-05-20,9999-01-01
245164,Filipp,Winter,F,1965-01-23,1996-10-24,9999-01-01
245396,Gift,Bottner,M,1965-01-31,1995-03-04,9999-01-01
245664,Manohar,Kilgore,M,1965-01-18,1998-11-17,9999-01-01
246146,Zhongwei,Melski,F,1965-01-30,1987-09-04,9999-01-01
246244,George,Casperson,F,1965-01-09,2000-01-20,9999-01-01
246364,Alper,Tiemann,M,1965-01-06,1998-10-29,9999-01-01
246764,Shuzo,Czaja,M,1965-01-04,1997-11-29,9999-01-01
246798,Tianruo,Strooper,F,1965-01-09,2001-12-07,9999-01-01
246902,Shih,Shanbhogue,M,1965-01-27,1998-04-19,9999-01-01
247089,Seongbae,Schahn,M,1965-01-17,1992-12-10,9999-01-01
247122,Xiaobin,Narlikar,F,1965-01-23,1992-02-14,9999-01-01
247447,Tzu,Bakhtari,M,1965-01-28,1994-03-18,9999-01-01
247456,Masako,Bahk,F,1965-01-16,1997-07-31,9999-01-01
247612,Chiranjit,Constantine,F,1965-01-04,1997-05-25,9999-01-01
247875,Xiong,Anick,M,1965-01-02,1991-04-23,9999-01-01
247888,Abdelghani,Lagarias,M,1965-01-15,1985-09-06,9999-01-01
248256,Sajjan,Falby,M,1965-01-05,1996-08-29,9999-01-01
248351,Jaana,Milicia,M,1965-02-01,1985-06-02,9999-01-01
248758,Snehasis,Muhlberg,M,1965-02-01,1994-12-25,9999-01-01
248953,Percy,Sudbeck,M,1965-01-29,1996-08-29,9999-01-01
249239,Hideyuki,Decleir,M,1965-01-21,1994-05-04,9999-01-01
249325,Ute,Pokrovskii,M,1965-01-26,1997-06-09,9999-01-01
249433,Ayonca,Matzov,F,1965-01-16,1988-06-03,9999-01-01
249504,Dmitry,Velardi,M,1965-01-07,1995-10-20,9999-01-01
249780,Nechama,Gaughan,F,1965-01-12,1993-07-09,9999-01-01
249799,Jolita,Neimat,M,1965-01-04,1993-12-27,9999-01-01
249866,Steen,Gubsky,M,1965-01-15,1989-01-14,9999-01-01
249969,Georgi,Luiz,M,1965-01-21,1991-06-10,9999-01-01
250411,Ranga,Sommen,F,1965-01-27,1989-01-20,9999-01-01
250452,Alexius,Plavsic,M,1965-01-14,2000-01-17,9999-01-01
250748,Kish,Turnbull,F,1965-01-27,1987-02-10,9999-01-01
251166,Hinrich,Hooghiemstra,M,1965-01-22,1985-10-05,9999-01-01
251233,Yucel,Bernini,M,1965-01-07,1993-02-19,9999-01-01
251301,Pintsang,Impagliazzo,M,1965-01-30,1989-05-06,9999-01-01
251341,Divier,Kumaresan,M,1965-01-11,1992-12-05,9999-01-01
251403,Utpal,DuBourdieux,M,1965-01-01,1997-11-19,9999-01-01
251437,Shichao,Iwayama,M,1965-01-20,1989-10-17,9999-01-01
251645,Bezalel,Tsunoo,M,1965-01-06,1992-06-17,9999-01-01
251680,Moty,Sommen,F,1965-01-05,1990-08-14,9999-01-01
251814,Mitsuyuki,Zockler,M,1965-01-01,1998-09-14,9999-01-01
252185,Chaosheng,Conta,F,1965-01-01,1997-04-14,9999-01-01
252316,Gill,Niizuma,F,1965-01-07,1994-10-08,9999-01-01
252392,Sanjeeva,Peron,M,1965-01-01,1993-12-26,9999-01-01
253029,Thodoros,Thimonier,M,1965-01-13,1995-04-05,9999-01-01
253707,Insup,Hainaut,M,1965-01-05,1998-02-11,9999-01-01
253838,Stafford,Terlouw,M,1965-01-28,1999-02-21,9999-01-01
253893,Huiqun,Trystram,M,1965-01-04,1993-05-10,9999-01-01
254044,Gunilla,Brendel,M,1965-01-16,1992-04-10,9999-01-01
254399,Armond,Lores,M,1965-01-24,1999-09-16,9999-01-01
254821,Tonny,Couchot,M,1965-01-24,1994-12-12,9999-01-01
255466,Huan,Roccetti,M,1965-01-18,1985-07-03,9999-01-01
255657,Oldrich,Cyre,F,1965-01-20,1985-02-10,9999-01-01
255779,Heejo,Merle,M,1965-01-31,1997-09-04,9999-01-01
256216,Halsur,Brodal,F,1965-01-01,1997-11-22,9999-01-01
256856,Hongzue,Barbanera,M,1965-01-03,1987-06-17,9999-01-01
256881,Ioana,Jakobus,M,1965-01-03,1990-08-10,9999-01-01
256888,Heather,Pehl,F,1965-01-03,1993-09-15,9999-01-01
257062,Stabislas,Pardalos,F,1965-01-24,1989-06-21,9999-01-01
257378,Pascal,Bernatsky,F,1965-01-06,1988-09-03,9999-01-01
257469,Anyuan,Hanratty,F,1965-01-22,1988-01-06,9999-01-01
257484,Shaowei,Nicolson,M,1965-01-01,1986-12-07,9999-01-01
258028,Mountaz,Reinhart,F,1965-01-07,2001-07-03,9999-01-01
258124,Mariusz,Zolotykh,F,1965-01-17,1990-07-28,9999-01-01
258470,Weiwu,Butner,F,1965-01-04,1995-02-14,9999-01-01
258643,Przemyslawa,Esposito,F,1965-01-11,1992-02-27,9999-01-01
259042,Xiaoqiang,Farrow,M,1965-01-12,1997-01-01,9999-01-01
259237,Palash,Gammage,F,1965-01-27,1987-10-23,9999-01-01
259273,Xiahua,Gomatam,F,1965-01-22,1989-12-01,9999-01-01
259611,Shuichi,Marrakchi,M,1965-01-27,1990-08-21,9999-01-01
259619,Conal,Magliocco,F,1965-01-21,1992-05-09,9999-01-01
259718,Stepehn,Bouloucos,M,1965-01-24,1993-12-13,9999-01-01
260153,Mingdong,Baar,F,1965-01-28,1991-10-14,9999-01-01
260249,Vugranam,Beausoleil,F,1965-01-22,1998-05-14,9999-01-01
260361,Reinhold,Rahier,M,1965-01-25,1997-10-09,9999-01-01
260399,Hatem,Birsak,F,1965-01-30,1989-04-10,9999-01-01
260408,Sasan,Brookner,M,1965-01-19,1996-09-03,9999-01-01
260501,Dzung,Pargas,M,1965-01-14,1990-05-17,9999-01-01
261184,Masako,Kornatzky,M,1965-01-30,1987-08-29,9999-01-01
261631,Jianhua,Huttel,M,1965-01-08,1998-02-23,9999-01-01
261662,Berni,Assaf,F,1965-01-11,1989-09-08,9999-01-01
261737,Mark,Lindqvist,M,1965-01-23,1990-11-22,9999-01-01
261986,Gila,Ramsak,F,1965-01-21,1997-05-13,9999-01-01
261990,Volkmar,Czaja,M,1965-01-16,1992-04-01,9999-01-01
262208,Mrinalini,Holburn,M,1965-01-16,1987-05-23,9999-01-01
262210,Chinho,Bottner,M,1965-01-22,1985-07-29,9999-01-01
262328,Mayuko,Vural,F,1965-01-03,1997-12-24,9999-01-01
262439,Lorien,Lagarias,F,1965-01-30,1985-10-10,9999-01-01
262636,Tamiya,Reutenauer,F,1965-01-04,1992-04-10,9999-01-01
262752,Pramod,Bierman,M,1965-01-04,1997-12-12,9999-01-01
262928,Piyush,Gill,M,1965-01-01,1995-02-20,9999-01-01
263012,Hideo,Buchter,F,1965-01-09,1999-05-01,9999-01-01
263186,Danny,Lowrie,M,1965-01-22,1995-09-13,9999-01-01
263370,Shakhar,Ranze,M,1965-01-03,1999-05-29,9999-01-01
263439,Atreye,Kabayashi,M,1965-01-09,1986-12-15,9999-01-01
263645,Mingsen,Lally,M,1965-01-19,1990-12-04,9999-01-01
263649,Mechthild,Zongker,M,1965-01-17,1993-07-26,9999-01-01
263926,Fusako,Schwartzbauer,F,1965-01-03,1985-04-07,9999-01-01
264030,Zdislav,Solares,M,1965-01-15,1990-12-14,9999-01-01
264167,Baoqiu,Tomescu,M,1965-01-25,1996-05-01,9999-01-01
264322,Leandro,Swist,F,1965-01-03,1991-01-06,9999-01-01
264626,Noritoshi,Bakhtari,M,1965-01-13,1993-02-03,9999-01-01
264939,Bogdan,Bahi,M,1965-01-10,1999-02-13,9999-01-01
265039,Navid,Staudhammer,F,1965-01-03,1992-10-18,9999-01-01
265521,Kensei,Salverda,M,1965-01-04,1993-05-25,9999-01-01
265558,Susuma,Kleiser,M,1965-01-31,1987-08-02,9999-01-01
265794,Miquel,Halloran,M,1965-01-15,1994-01-14,9999-01-01
265875,Fan,Marsiglia,M,1965-01-20,1989-09-03,9999-01-01
266206,Zsolt,Anily,F,1965-02-01,1985-08-19,9999-01-01
266249,Sumant,Nishimukai,M,1965-01-15,1991-03-28,9999-01-01
266310,Zvonko,Serdy,F,1965-01-23,1987-06-24,9999-01-01
266644,Anwar,Gubsky,F,1965-01-08,1993-08-09,9999-01-01
266862,Mart,Plumb,F,1965-01-10,1986-04-21,9999-01-01
266881,Mokhtar,Sabnani,M,1965-01-11,1997-02-04,9999-01-01
267059,Moie,Tempesti,M,1965-01-09,1991-06-29,9999-01-01
267227,Susuma,Tagansky,M,1965-01-10,1995-01-22,9999-01-01
267304,Jordanka,Axelband,F,1965-01-06,1994-06-27,9999-01-01
267667,Irena,Kaiserswerth,F,1965-01-05,1987-09-05,9999-01-01
268043,Narain,Mikschl,M,1965-01-28,1997-11-02,9999-01-01
268191,LiMin,Teitelbaum,M,1965-01-07,1990-11-01,9999-01-01
269728,Naftali,Kragelund,M,1965-01-12,1987-05-16,9999-01-01
270084,Ulises,Frolund,M,1965-01-11,1986-07-26,9999-01-01
270716,Shunichi,Baer,M,1965-01-19,1998-02-04,9999-01-01
270794,Dannz,Zhang,M,1965-02-01,1991-06-26,9999-01-01
271106,Taisook,Kampfer,M,1965-01-10,1997-11-30,9999-01-01
271219,Odoardo,Tyugu,F,1965-01-16,1994-11-07,9999-01-01
272141,Tsutomu,Neiman,F,1965-01-13,1996-07-31,9999-01-01
272285,Gully,Mitchem,M,1965-01-19,1986-01-22,9999-01-01
272316,Surveyors,Muhling,M,1965-01-05,1999-07-19,9999-01-01
272452,Mitsuyuki,Isard,M,1965-01-10,2002-02-27,9999-01-01
272599,Holgard,Hegner,M,1965-01-16,1993-07-15,9999-01-01
272860,Minghong,Candan,F,1965-02-01,1994-02-10,9999-01-01
273159,Divine,Hofmeyr,F,1965-01-26,1989-04-14,9999-01-01
273286,Brigham,Asmuth,M,1965-01-26,1989-01-23,9999-01-01
273396,Wayne,Baba,M,1965-01-10,1998-03-07,9999-01-01
273806,Hongzhu,Beetstra,F,1965-01-01,1997-08-18,9999-01-01
273858,Gunilla,Matzen,M,1965-01-13,1990-12-28,9999-01-01
274071,Mingsen,Weiland,M,1965-01-01,1995-10-12,9999-01-01
274271,Prodip,Ritcey,F,1965-01-10,1986-09-10,9999-01-01
274369,Ranga,Waymire,F,1965-01-29,1997-01-27,9999-01-01
274813,Yefim,Pettey,M,1965-01-10,1993-08-07,9999-01-01
275158,Satyanarayana,Brandsma,F,1965-01-07,1999-12-08,9999-01-01
275263,Vojin,Laventhal,M,1965-01-21,1991-10-18,9999-01-01
275444,Limsoon,Leppanen,M,1965-01-16,1993-01-21,9999-01-01
275495,Shen,Yamaashi,M,1965-01-13,1995-02-19,9999-01-01
275801,Ayakannu,Heinisuo,F,1965-01-22,1986-06-28,9999-01-01
275881,Jiann,Munro,M,1965-01-08,1988-05-18,9999-01-01
275994,Uma,Prampolini,F,1965-01-29,1991-02-21,9999-01-01
276027,Holgard,Stavenow,F,1965-01-04,1986-02-28,9999-01-01
276184,Mari,Swick,M,1965-01-10,1991-04-08,9999-01-01
276186,Sajjad,Vecchi,M,1965-01-30,1993-06-02,9999-01-01
276189,Isaac,Klerer,F,1965-01-10,1995-03-19,9999-01-01
276445,Atilio,Randi,M,1965-01-27,1988-07-02,9999-01-01
276472,Hideyuki,Flanders,F,1965-01-27,1988-11-10,9999-01-01
276563,Gift,Solares,F,1965-01-01,1995-08-01,9999-01-01
276868,Alois,Sanella,F,1965-01-19,1998-03-13,9999-01-01
277316,Vitali,Rothenberg,M,1965-01-03,1989-10-04,9999-01-01
277362,Uzi,Kugler,M,1965-01-09,1991-01-12,9999-01-01
277420,Rayond,Schach,F,1965-01-16,1995-04-22,9999-01-01
277777,Herbert,Itzigehl,M,1965-01-27,1990-07-04,9999-01-01
277829,Michaela,Fandrianto,M,1965-01-22,1986-06-02,9999-01-01
278239,Boaz,Bottner,F,1965-01-19,1994-02-06,9999-01-01
278386,Caolyn,Poujol,M,1965-01-15,1995-12-03,9999-01-01
278452,Sudhanshu,Toyoshima,F,1965-01-07,1987-08-29,9999-01-01
278536,Munenori,Shobatake,F,1965-01-14,1992-01-10,9999-01-01
278549,Jaana,Werthner,M,1965-01-02,1989-07-27,9999-01-01
278953,Jeanna,Ghandeharizadeh,F,1965-01-26,1990-08-11,9999-01-01
279115,Maren,DuCasse,M,1965-01-05,1997-11-29,9999-01-01
279280,Niranjan,Debuse,F,1965-01-09,1992-09-21,9999-01-01
279791,Chiranjit,Lyonns,F,1965-01-10,1986-12-24,9999-01-01
280070,Niteen,Ebeling,F,1965-01-24,1988-03-29,9999-01-01
280291,Lenore,Badache,F,1965-01-26,1998-11-24,9999-01-01
280420,Jahangir,Hofting,M,1965-01-31,1986-09-28,9999-01-01
280525,Kish,Herbst,M,1965-01-13,1996-08-18,9999-01-01
280648,Heeju,Lorys,M,1965-01-04,1986-12-27,9999-01-01
281570,Zijian,Covnot,F,1965-01-08,1994-09-13,9999-01-01
281692,Khosrow,Sommen,M,1965-01-06,1990-03-03,9999-01-01
281848,Parke,Staylopatis,M,1965-01-29,1993-07-31,9999-01-01
281859,Masanao,Papastamatiou,F,1965-01-17,1985-11-25,9999-01-01
282191,Alper,Shinomoto,M,1965-01-16,1997-10-20,9999-01-01
282333,Nahla,Serdy,F,1965-01-25,1993-09-09,9999-01-01
282343,Xinglin,Haldar,M,1965-01-13,1988-07-20,9999-01-01
282547,Nahum,Codenie,M,1965-01-18,1999-06-14,9999-01-01
282585,Zijian,Lammel,F,1965-01-03,1996-07-01,9999-01-01
282894,Fay,Bellmore,F,1965-01-05,1989-05-03,9999-01-01
284300,Ishfaq,Mahmud,F,1965-01-22,1991-11-29,9999-01-01
284431,Pintsang,Fujisawa,M,1965-01-25,1996-04-16,9999-01-01
284561,Duri,Beznosov,F,1965-01-03,1988-02-15,9999-01-01
284687,Oksana,Redmiles,F,1965-01-15,1985-06-22,9999-01-01
284691,Theron,Ressouche,F,1965-01-04,1988-08-17,9999-01-01
284711,Martijn,Azevdeo,M,1965-01-21,1988-02-10,9999-01-01
284717,Gal,Ranta,F,1965-01-11,1992-11-07,9999-01-01
284856,Moto,Kobara,M,1965-01-05,1991-12-12,9999-01-01
284954,Anneke,Hammerschmidt,M,1965-01-16,1996-01-30,9999-01-01
285164,Xiaocheng,Kumaresan,F,1965-01-02,1994-10-03,9999-01-01
285396,Lena,Kohling,M,1965-01-27,1986-10-04,9999-01-01
285905,Kellyn,Bage,F,1965-01-09,1994-11-04,9999-01-01
285906,Arnould,Buescher,M,1965-01-02,1998-03-26,9999-01-01
286026,Utpal,Zaumen,F,1965-01-21,1991-02-25,9999-01-01
286029,Jaques,Nanard,M,1965-01-28,1996-07-16,9999-01-01
286370,Toshimitsu,Seuren,M,1965-01-06,1995-01-19,9999-01-01
286452,Behnaam,Bierbaum,F,1965-01-26,1999-01-31,9999-01-01
286573,Nahum,Nishimukai,F,1965-01-27,1994-07-29,9999-01-01
286779,Sigeru,Versino,M,1965-01-24,1998-08-31,9999-01-01
286986,Woody,Trelles,M,1965-01-01,1996-05-23,9999-01-01
287323,Steve,Dengi,M,1965-02-01,1999-09-15,9999-01-01
287327,Youjian,Felder,F,1965-01-13,1993-07-15,9999-01-01
287334,Elliott,Speer,M,1965-01-05,1998-08-08,9999-01-01
287482,Shigeaki,Gihr,F,1965-01-01,1994-03-18,9999-01-01
287583,Jovan,Hockney,M,1965-01-18,1990-06-21,9999-01-01
287609,Sailaja,Negoita,F,1965-01-06,1988-01-20,9999-01-01
287713,Aamod,Ranka,M,1965-01-23,1992-12-07,9999-01-01
287808,Vidar,Ozeki,M,1965-01-09,1996-06-17,9999-01-01
287983,Randi,Munos,M,1965-01-23,1990-09-07,9999-01-01
287984,Troy,Kobuchi,M,1965-01-09,1991-02-12,9999-01-01
288028,Kauko,Narwekar,F,1965-01-22,1985-12-16,9999-01-01
288142,Shay,Heystek,F,1965-01-25,1989-04-01,9999-01-01
288166,Masoud,Asmuth,M,1965-01-11,1994-09-05,9999-01-01
288560,Yifei,Birjandi,M,1965-01-16,1994-02-07,9999-01-01
288563,Cristinel,Gerlach,M,1965-01-02,1996-01-09,9999-01-01
288606,Susumu,Swiss,M,1965-01-21,1991-11-15,9999-01-01
288665,Horward,Khasidashvili,M,1965-01-31,1998-11-19,9999-01-01
288893,Bedrich,Rosenbaum,M,1965-01-30,1991-01-27,9999-01-01
289454,Bowen,Narwekar,M,1965-01-20,1985-03-08,9999-01-01
289687,Fai,Maccarone,F,1965-01-31,1985-10-30,9999-01-01
289807,Soenke,Lemarechal,F,1965-01-04,1994-09-04,9999-01-01
289909,Hilari,Vecchio,F,1965-01-09,1993-04-24,9999-01-01
290009,Zijian,Rindone,M,1965-01-22,1989-07-09,9999-01-01
290075,Boalin,Byoun,M,1965-01-15,1990-10-01,9999-01-01
290284,Kwangjo,Menhardt,F,1965-01-08,1996-01-11,9999-01-01
290441,Gregory,Collavizza,F,1965-01-25,1987-09-09,9999-01-01
290467,Shaowen,Poulakidas,M,1965-01-29,1987-04-15,9999-01-01
290478,Tsvetan,Sherertz,F,1965-01-03,1989-08-07,9999-01-01
290563,Shigehiro,Oxenboll,F,1965-01-09,1986-02-26,9999-01-01
290769,Lalit,Blokdijk,F,1965-01-26,1999-02-01,9999-01-01
291352,Danai,Trelles,M,1965-01-07,1997-08-26,9999-01-01
291612,Siamak,Gomatam,M,1965-01-30,1998-07-08,9999-01-01
291669,Faiza,Bach,F,1965-01-04,1999-09-13,9999-01-01
292110,Menkae,Showalter,F,1965-01-23,1996-08-09,9999-01-01
292146,Khatoun,Pulkowski,F,1965-01-09,2002-01-09,9999-01-01
292210,Masaru,Huhdanpaa,M,1965-01-17,1996-11-23,9999-01-01
292404,Hongzue,Zultner,M,1965-01-28,1990-02-22,9999-01-01
292504,Georgi,Bednarek,F,1965-01-27,1994-03-02,9999-01-01
292515,Bernd,Thummel,M,1965-01-04,1989-08-03,9999-01-01
292828,Ziya,Tokunaga,F,1965-01-10,1986-01-08,9999-01-01
293080,Hideyuki,Slaats,M,1965-01-12,1987-05-30,9999-01-01
293154,Syozo,Maliniak,F,1965-01-21,1993-06-06,9999-01-01
293280,Moti,Steenbeek,F,1965-01-24,1987-01-22,9999-01-01
293329,Fumiya,Griswold,F,1965-01-15,1986-06-12,9999-01-01
293746,Sanjay,Litecky,F,1965-01-25,1995-08-27,9999-01-01
293752,Jungsoon,Bail,F,1965-01-04,1986-02-18,9999-01-01
294144,Takanari,Ermel,M,1965-01-09,1992-01-11,9999-01-01
294241,Marl,Fiebach,M,1965-01-12,1994-07-26,9999-01-01
294446,Claudi,Ruemmler,M,1965-01-27,1999-08-13,9999-01-01
294461,Siddarth,Rosiles,F,1965-01-14,1985-11-18,9999-01-01
294527,Ashish,Candan,F,1965-01-04,1992-02-02,9999-01-01
294652,Hironobu,Brodie,M,1965-01-27,1998-12-21,9999-01-01
294791,Vesna,Lammel,F,1965-01-28,1999-10-08,9999-01-01
294857,Caolyn,Ozeri,M,1965-01-15,1986-07-29,9999-01-01
295030,Fun,Keirsey,M,1965-01-01,1985-07-09,9999-01-01
295236,Kauko,Fujisawa,M,1965-01-24,1987-09-13,9999-01-01
295254,Xuejun,Pfau,M,1965-01-15,1985-07-24,9999-01-01
295255,Jacopo,Bellone,M,1965-01-04,1988-03-13,9999-01-01
295262,Moon,Pews,F,1965-01-22,1994-08-06,9999-01-01
295268,Eben,Calkin,M,1965-01-28,1996-12-19,9999-01-01
295278,Val,Barvinok,M,1965-01-04,1990-01-02,9999-01-01
295411,Chiranjit,Serot,M,1965-01-18,1997-04-04,9999-01-01
295857,Kankanahalli,Ciolek,M,1965-01-17,1989-12-26,9999-01-01
296062,Shaz,Driscoll,F,1965-01-29,1998-10-03,9999-01-01
296303,Mariangiola,Heyers,F,1965-01-28,1992-08-04,9999-01-01
296428,Charmane,Simmen,F,1965-01-03,1989-03-07,9999-01-01
296664,Dipayan,Geffroy,M,1965-01-31,1987-09-17,9999-01-01
296687,Palash,Spieker,M,1965-01-02,1991-05-11,9999-01-01
296718,Kamakshi,Bahl,F,1965-01-30,1987-12-22,9999-01-01
297232,Lokesh,Saoudi,F,1965-01-16,1999-05-25,9999-01-01
297431,Cathie,Ratnakar,M,1965-01-12,1996-06-23,9999-01-01
297474,Irena,Terkki,M,1965-01-13,1998-03-11,9999-01-01
297905,Marc,Bahl,M,1965-01-12,1997-06-18,9999-01-01
297954,Sailaja,Fujisaki,M,1965-01-13,1995-07-24,9999-01-01
298339,King,Benzmuller,M,1965-01-11,1986-09-04,9999-01-01
298577,Florina,Litecky,M,1965-01-11,1985-12-02,9999-01-01
298953,Zita,Syang,F,1965-02-01,1998-12-29,9999-01-01
299346,Fumitake,Sichman,F,1965-01-09,1991-02-21,9999-01-01
299580,Luisa,Itzfeldt,M,1965-01-21,1997-01-23,9999-01-01
299718,Denny,Shobatake,F,1965-01-15,1997-06-22,9999-01-01
299737,Patricio,Itzfeldt,M,1965-02-01,1985-05-21,9999-01-01
400046,Hilari,Christ,M,1965-01-12,1996-10-07,9999-01-01
400358,Angus,Jullig,F,1965-01-31,1989-04-13,9999-01-01
400683,Kamakshi,Manders,M,1965-01-28,1995-08-05,9999-01-01
400780,Poornachandra,Asser,M,1965-01-09,1993-11-07,9999-01-01
400796,Bodo,Halevi,F,1965-01-10,1996-05-30,9999-01-01
401154,Danae,Kragelund,F,1965-01-27,1987-05-20,9999-01-01
401278,Oguz,Schurmann,M,1965-01-16,1986-11-11,9999-01-01
401333,Martins,Shokrollahi,M,1965-01-30,1986-11-04,9999-01-01
401420,Florian,Uhrig,F,1965-01-06,1987-01-31,9999-01-01
401574,Yannik,Falco,M,1965-01-13,1988-01-15,9999-01-01
402025,Shigehito,Duclos,F,1965-01-20,1987-09-20,9999-01-01
402102,Kersti,Granlund,M,1965-01-21,1995-03-19,9999-01-01
402664,Subhada,Janetzko,F,1965-01-04,1987-01-25,9999-01-01
402718,Jeanna,Rettelbach,F,1965-01-17,1990-02-14,9999-01-01
402827,Weidon,Pollacia,F,1965-01-28,2002-03-24,9999-01-01
403010,Toshimitsu,Sluis,M,1965-01-16,1985-02-18,9999-01-01
403621,Deborah,Kaminger,M,1965-01-07,1988-06-04,9999-01-01
403644,Krisda,Hainaut,F,1965-01-19,1995-07-08,9999-01-01
403954,Jeanna,Bratten,F,1965-01-10,1990-07-26,9999-01-01
404018,Valery,Babb,F,1965-01-11,1998-10-19,9999-01-01
404236,Zengping,Kakkar,M,1965-01-12,1988-07-22,9999-01-01
404462,Anestis,Setlzner,M,1965-01-09,1985-07-13,9999-01-01
404573,Eberhardt,Spelt,F,1965-01-31,1997-07-05,9999-01-01
404755,Manu,Junet,F,1965-01-13,1991-04-20,9999-01-01
404788,Basem,Beausoleil,M,1965-01-16,1998-03-16,9999-01-01
405015,Morris,Fargier,M,1965-01-02,1988-06-29,9999-01-01
405063,Yechezkel,Yurov,M,1965-01-26,2001-11-16,9999-01-01
406125,Georgi,Portugali,F,1965-01-25,1987-09-27,9999-01-01
406239,Marek,Tomescu,F,1965-01-09,1995-05-15,9999-01-01
406564,Parviz,Picco,F,1965-01-25,1995-04-16,9999-01-01
406714,Malu,Ossenbruggen,F,1965-02-01,1986-11-21,9999-01-01
406847,Alexius,Crouzet,F,1965-01-24,1999-10-05,9999-01-01
407522,Tommaso,Raczkowsky,M,1965-01-25,1996-08-29,9999-01-01
407837,Fei,Erez,M,1965-02-01,1988-04-02,9999-01-01
408019,Shridhar,Chleq,F,1965-01-01,1986-03-22,9999-01-01
408114,Geoffrey,Ladret,M,1965-01-05,1994-01-03,9999-01-01
408163,Irene,Sethi,F,1965-01-21,2000-08-12,9999-01-01
408417,Tsz,Daescu,F,1965-01-19,1994-09-28,9999-01-01
408437,Uno,Solares,M,1965-01-29,1994-09-22,9999-01-01
408447,Mayuri,Werthner,M,1965-01-13,2001-02-20,9999-01-01
408654,Yongqiao,Cochrane,M,1965-01-09,1986-10-27,9999-01-01
408953,Jolita,Claffy,M,1965-01-26,1993-12-24,9999-01-01
409391,Willard,Verspoor,F,1965-01-06,1999-02-28,9999-01-01
409798,Dekang,Tsunoo,M,1965-01-15,1995-01-19,9999-01-01
409805,Frazer,Candan,F,1965-01-15,1999-03-05,9999-01-01
409898,Divier,Ishibashi,M,1965-02-01,1989-09-22,9999-01-01
410028,Xiadong,McClurg,M,1965-01-11,1985-09-17,9999-01-01
410372,Duri,Mitina,M,1965-01-08,1990-03-04,9999-01-01
410433,Kazuhisa,Riesenhuber,M,1965-01-19,1992-10-06,9999-01-01
410616,Gudjon,Kalorkoti,F,1965-01-18,1994-04-14,9999-01-01
410804,Ronnie,Denos,M,1965-01-17,1992-06-08,9999-01-01
410881,Koichi,Grabner,F,1965-01-06,2000-04-05,9999-01-01
411070,Otmar,Brandsma,F,1965-01-29,1987-05-28,9999-01-01
411082,Martine,Cangellaris,M,1965-01-08,1992-04-28,9999-01-01
411143,Goncalo,Barbanera,F,1965-01-08,1996-09-01,9999-01-01
412404,Mitsuyuki,Jeansoulin,F,1965-01-15,1999-10-28,9999-01-01
412757,Leen,Peak,F,1965-01-03,1999-11-20,9999-01-01
413098,Hsiangchu,Taubenfeld,M,1965-01-26,1993-04-17,9999-01-01
413205,Mototsugu,Prampolini,M,1965-01-09,1988-06-12,9999-01-01
413666,Remco,Duclos,M,1965-01-05,1988-04-18,9999-01-01
413729,Harjit,Ernst,M,1965-01-02,1992-04-26,9999-01-01
413831,Mohamadou,Grabner,M,1965-01-09,1991-11-25,9999-01-01
413832,Marco,Jahnichen,M,1965-01-24,1995-03-28,9999-01-01
414027,Tadanori,Msuda,M,1965-01-31,1993-02-20,9999-01-01
414091,Wuxu,Kuhnemann,M,1965-01-17,1997-08-19,9999-01-01
414543,Bernd,Anick,F,1965-01-03,1988-11-19,9999-01-01
414551,Elliott,Copas,M,1965-01-22,1994-09-13,9999-01-01
414662,Ipke,Schneeberger,M,1965-01-21,1985-09-20,9999-01-01
414714,Chinho,Delgrande,M,1965-01-06,1996-11-07,9999-01-01
414814,Dayanand,Wielonsky,M,1965-01-28,1999-02-28,9999-01-01
414897,Juyoung,Willoner,M,1965-01-17,1989-11-03,9999-01-01
415187,Juyoung,Peltason,M,1965-01-03,1998-09-01,9999-01-01
415338,Shigeo,Emmart,M,1965-01-22,1995-12-24,9999-01-01
415363,Conal,Shackell,F,1965-01-19,1995-02-23,9999-01-01
415563,Mrinalini,Bierbaum,F,1965-01-21,1986-03-12,9999-01-01
416074,Alain,Lieberherr,M,1965-01-08,1987-05-11,9999-01-01
416383,Nectarios,Itschner,M,1965-01-29,1990-03-02,9999-01-01
416420,Adamantios,Heemskerk,M,1965-01-22,1986-08-08,9999-01-01
416492,Kannan,Meriste,M,1965-01-15,1992-08-12,9999-01-01
416660,Nathalie,Luke,M,1965-01-28,1987-09-16,9999-01-01
416720,Tokuyasu,Xiaoshan,F,1965-01-14,1991-09-19,9999-01-01
416877,Gio,Orsini,M,1965-01-02,1988-12-07,9999-01-01
416892,Shooichi,Vandervoorde,M,1965-01-03,1996-08-16,9999-01-01
417435,Bouchung,Zaumen,M,1965-01-03,1999-01-29,9999-01-01
418239,Josyula,Motley,M,1965-01-03,1996-03-26,9999-01-01
418247,Oscar,Oppitz,M,1965-01-08,2002-07-27,9999-01-01
418298,Arvin,Pusterhofer,F,1965-01-08,1995-03-02,9999-01-01
418309,Danel,Petereit,F,1965-01-24,1985-02-21,9999-01-01
418380,Kazuhiko,Gornas,F,1965-01-02,1993-05-20,9999-01-01
418566,Kazuhide,Snedden,M,1965-01-27,1996-06-14,9999-01-01
418606,Michaela,Otillio,F,1965-01-11,1994-01-05,9999-01-01
418717,Arunachalam,Magliocco,F,1965-01-20,1987-12-23,9999-01-01
418860,Ymte,Dalton,F,1965-02-01,1992-11-22,9999-01-01
419099,Heon,Broomell,M,1965-01-15,1998-05-06,9999-01-01
419953,Ung,Orlowski,M,1965-01-29,1991-07-22,9999-01-01
420086,Susuma,Kitsuregawa,F,1965-01-27,1985-05-28,9999-01-01
420476,Mariangiola,Bolsens,M,1965-01-28,1985-06-15,9999-01-01
420557,Mabhin,Eastman,M,1965-01-06,1989-08-02,9999-01-01
420694,Frazer,Barbanera,M,1965-01-19,1986-11-04,9999-01-01
420732,Willard,Morrin,M,1965-01-06,1996-05-27,9999-01-01
420759,Raimond,Solovay,M,1965-01-04,1997-10-03,9999-01-01
420765,Shawna,Krider,M,1965-01-17,1990-03-09,9999-01-01
420877,Khosrow,Erez,M,1965-01-29,1990-02-11,9999-01-01
421022,Shigeaki,Butner,M,1965-01-26,1996-07-13,9999-01-01
421033,Garnik,Randt,F,1965-01-14,1989-12-23,9999-01-01
421074,Zhaofang,Falster,F,1965-01-07,1994-06-29,9999-01-01
421312,Mariangiola,Bashian,M,1965-01-13,1999-09-18,9999-01-01
421384,Renny,Bednarek,M,1965-01-02,1987-06-01,9999-01-01
421755,Shichao,Thiria,M,1965-01-03,1989-01-11,9999-01-01
422146,Kenton,Miara,F,1965-01-08,2002-03-13,9999-01-01
422783,Jagoda,Uhrig,M,1965-01-18,1995-09-01,9999-01-01
423038,Takushi,Strehl,M,1965-01-20,1988-10-04,9999-01-01
423204,Uma,Stranks,M,1965-01-08,1991-09-13,9999-01-01
423208,Joydip,Krone,F,1965-01-19,1995-02-08,9999-01-01
423214,Tsutomu,Tetzlaff,F,1965-01-31,1987-09-24,9999-01-01
423327,Constantijn,Lichtman,F,1965-01-27,1994-06-26,9999-01-01
423350,Heping,Monarch,F,1965-01-04,1988-04-15,9999-01-01
423633,Mariusz,Tokunaga,F,1965-01-30,1985-02-11,9999-01-01
423993,Seshu,Kolvik,F,1965-01-01,1988-12-09,9999-01-01
424569,Danco,Luff,F,1965-01-14,1997-10-30,9999-01-01
424584,Kagan,Dredge,M,1965-02-01,1994-02-26,9999-01-01
424685,Changho,Veevers,M,1965-01-10,1997-03-03,9999-01-01
424797,Theron,Itschner,F,1965-01-19,1985-05-16,9999-01-01
424805,Jacqueline,Zallocco,M,1965-01-24,1987-12-17,9999-01-01
424930,Xuejun,Reeker,F,1965-01-19,1988-11-18,9999-01-01
424984,Vasilis,Waleschkowski,M,1965-01-11,1996-05-26,9999-01-01
425437,Moni,Staudhammer,M,1965-01-03,1999-03-23,9999-01-01
425535,Alagu,Vieri,F,1965-01-18,1986-08-23,9999-01-01
425540,Paddy,Zumaque,F,1965-01-03,1995-11-12,9999-01-01
425757,Yongdong,Jiang,M,1965-01-18,1995-01-31,9999-01-01
425780,Paris,Range,F,1965-01-15,1989-10-25,9999-01-01
425830,Guther,Conia,F,1965-01-30,1999-02-13,9999-01-01
425875,Jahangir,Kroft,F,1965-01-19,1990-06-11,9999-01-01
426153,Shahaf,Luce,M,1965-01-16,1999-04-06,9999-01-01
426168,Kaijung,Mateescu,M,1965-01-10,1987-11-18,9999-01-01
426228,Supot,Badache,M,1965-01-17,1996-08-17,9999-01-01
426235,Danco,Rajala,M,1965-01-31,1991-03-29,9999-01-01
426644,Zejun,Broomell,F,1965-01-13,1995-01-19,9999-01-01
426706,Karsten,Kawashima,F,1965-01-07,1994-03-15,9999-01-01
426795,Huican,Lunn,M,1965-01-07,1986-07-23,9999-01-01
426818,Gaurav,Fendler,F,1965-01-21,1992-02-15,9999-01-01
426819,Sandeepan,Kulisch,M,1965-01-13,1997-05-16,9999-01-01
426824,Gopalakrishnan,Mawatari,F,1965-01-25,1997-12-07,9999-01-01
426958,Weijing,Viele,M,1965-01-19,1985-10-03,9999-01-01
427313,Utpal,Kemmerer,M,1965-01-31,1986-12-04,9999-01-01
427320,Mamdouh,Ramamoorthy,M,1965-01-13,2000-01-13,9999-01-01
427332,Feiyu,Hemaspaandra,M,1965-01-20,1995-06-04,9999-01-01
427571,Torsten,Ranta,M,1965-01-20,1995-07-03,9999-01-01
427776,Jaques,Navazio,F,1965-01-25,1989-04-04,9999-01-01
427805,Haldun,Compeau,M,1965-01-21,1997-10-15,9999-01-01
427823,Jaques,Gecsei,M,1965-01-18,1999-07-13,9999-01-01
427852,Adil,Kieras,F,1965-01-02,1992-07-20,9999-01-01
428082,Ronghao,Alpin,M,1965-01-09,1991-09-11,9999-01-01
428160,Jamaludin,Kalorkoti,M,1965-01-12,1998-09-06,9999-01-01
428195,Hatsukazu,Rosca,M,1965-01-11,1993-08-02,9999-01-01
428219,Ghassan,Androutsos,F,1965-01-21,1987-12-26,9999-01-01
428917,Theron,Billawala,M,1965-01-23,1989-02-17,9999-01-01
429087,Hugh,Senzako,M,1965-01-27,1992-10-15,9999-01-01
429231,Kazuyasu,Schmiedel,F,1965-01-09,1985-09-07,9999-01-01
429238,Mona,Luck,M,1965-01-29,1989-05-11,9999-01-01
429249,Alassane,Wolniewicz,M,1965-01-28,1993-11-09,9999-01-01
429316,Seshu,Hiraishi,F,1965-01-08,1994-08-10,9999-01-01
429381,Limsoon,Roohalamini,M,1965-01-06,1986-11-26,9999-01-01
429481,Subhada,Emmerich,M,1965-01-09,1996-03-06,9999-01-01
429520,Yongqiao,Francisci,F,1965-01-06,1999-12-01,9999-01-01
429532,Bartek,Vendrig,M,1965-01-25,1992-06-06,9999-01-01
429569,Fumiya,Chappelet,F,1965-01-03,1992-09-03,9999-01-01
429703,Ung,Honglei,F,1965-01-06,1986-09-02,9999-01-01
429899,Ranan,Marsiglia,M,1965-01-30,1999-08-13,9999-01-01
429954,Renny,Gladwell,M,1965-01-26,1999-02-27,9999-01-01
430054,Erzsebet,Setiz,F,1965-01-22,1993-06-10,9999-01-01
430558,Xiong,Roisin,F,1965-01-07,1988-03-01,9999-01-01
430593,Janalee,Lanzelotte,M,1965-01-19,1997-12-01,9999-01-01
430631,Kersti,Marsiglia,F,1965-01-17,1994-02-19,9999-01-01
430891,Khalil,Gien,M,1965-01-06,1991-08-06,9999-01-01
431576,Masamitsu,Back,F,1965-01-06,1993-04-12,9999-01-01
431657,Visit,Thiran,F,1965-01-31,1986-11-14,9999-01-01
431882,Hideo,Varman,F,1965-01-21,1997-06-19,9999-01-01
431887,Poorav,Ranst,M,1965-01-05,1996-06-01,9999-01-01
432031,Adamantios,Matzat,F,1965-01-11,1987-03-01,9999-01-01
432034,Arfst,Uehara,M,1965-01-24,1994-07-10,9999-01-01
432121,Alair,Straney,F,1965-01-06,1986-11-15,9999-01-01
432257,Kwangjo,Hiltgen,F,1965-01-20,1998-12-22,9999-01-01
432261,Arve,Bergere,F,1965-01-30,1987-07-28,9999-01-01
432399,Nitsan,Nollmann,M,1965-01-19,1993-09-29,9999-01-01
432523,Takahiro,Maquelin,F,1965-01-21,1997-07-21,9999-01-01
432665,Flemming,Driscoll,M,1965-01-02,1994-05-28,9999-01-01
432787,Toshiko,Ibel,M,1965-01-16,1996-11-23,9999-01-01
432956,Qunsheng,Birrer,F,1965-01-25,1986-05-13,9999-01-01
433059,Bojan,Montresor,M,1965-01-02,1995-02-04,9999-01-01
433157,Tomofumi,Serna,M,1965-01-16,1999-10-23,9999-01-01
433260,Make,Olivero,M,1965-02-01,1991-06-01,9999-01-01
433438,Keiichiro,Miyakawa,M,1965-01-06,1993-09-12,9999-01-01
434845,Takushi,Skogmar,M,1965-01-11,1985-06-07,9999-01-01
434936,Sahrah,Rosis,F,1965-01-15,1994-06-24,9999-01-01
435042,Brigham,Borstler,M,1965-01-10,1995-10-09,9999-01-01
435060,Moie,Lieblein,M,1965-01-16,1996-07-12,9999-01-01
435181,Kazuhide,Fiutem,M,1965-01-16,1992-05-10,9999-01-01
435289,Feixiong,Schurmann,M,1965-01-04,1987-02-15,9999-01-01
435305,Berthier,Pramanik,F,1965-01-21,1993-01-23,9999-01-01
435370,Conal,Basart,M,1965-01-16,1991-05-17,9999-01-01
435588,Genta,Pepe,F,1965-01-29,1994-04-12,9999-01-01
435602,Dietrich,Kranzdorf,M,1965-01-29,1992-10-04,9999-01-01
435774,Olivera,Bharadwaj,F,1965-01-09,1992-04-01,9999-01-01
435791,Hercules,Speer,M,1965-01-07,1994-03-07,9999-01-01
436558,Subir,Greibach,F,1965-01-08,1992-05-24,9999-01-01
436797,Ohad,Henders,M,1965-01-24,1990-11-03,9999-01-01
436827,Wojceich,Limongiello,F,1965-01-30,1988-03-10,9999-01-01
436915,Feixiong,Haraldson,F,1965-01-13,1998-10-11,9999-01-01
437276,Dines,DeMori,F,1965-01-17,1987-12-07,9999-01-01
437369,Kazuhide,Biran,F,1965-02-01,1995-01-25,9999-01-01
437395,Sumant,Thambidurai,M,1965-01-21,1996-08-24,9999-01-01
437724,Erez,Luft,M,1965-01-17,1994-12-14,9999-01-01
437870,Kerhong,Lorho,F,1965-01-07,2001-03-17,9999-01-01
438038,Lena,Giaccio,F,1965-01-01,2001-10-03,9999-01-01
438264,Rasikan,Barreiro,M,1965-01-19,1991-09-27,9999-01-01
438557,Lidong,Swist,F,1965-01-30,1999-09-16,9999-01-01
439377,Mari,Plessier,M,1965-01-28,1997-07-04,9999-01-01
439905,Kousuke,Levasseur,F,1965-01-03,1990-03-16,9999-01-01
439924,Gunilla,Kisuki,M,1965-01-30,1994-08-14,9999-01-01
440325,Douadi,Sullins,F,1965-01-10,1999-09-25,9999-01-01
440435,Sandeepan,Rosti,F,1965-01-03,1991-11-26,9999-01-01
440450,Tzvetan,Scharstein,M,1965-01-16,1994-06-16,9999-01-01
440642,Snehasis,Kalsbeek,M,1965-01-14,1988-01-06,9999-01-01
440870,Filipp,Hasham,F,1965-01-01,1996-10-14,9999-01-01
440937,Fabrizio,Usery,F,1965-01-18,1992-10-13,9999-01-01
441197,Miquel,Legleitner,F,1965-01-18,1985-06-28,9999-01-01
441536,Chinho,Collette,M,1965-01-10,1995-10-09,9999-01-01
441954,Leszek,Marchegay,F,1965-01-03,1999-06-13,9999-01-01
441965,Claudi,Heijenga,F,1965-01-12,1988-08-30,9999-01-01
442002,Ravishankar,Baig,M,1965-01-03,1992-03-17,9999-01-01
442096,Martijn,DiGiano,M,1965-01-15,1990-06-15,9999-01-01
442312,Zengping,Cusworth,F,1965-01-05,1991-06-07,9999-01-01
442490,Navid,Luke,M,1965-01-08,1994-10-17,9999-01-01
442653,Mona,Hebden,M,1965-01-04,1995-10-20,9999-01-01
442700,Siddarth,Masada,F,1965-01-06,1997-08-11,9999-01-01
442898,Aksel,Gire,M,1965-01-07,1999-06-27,9999-01-01
443108,Christfried,Atrawala,M,1965-01-14,1998-11-29,9999-01-01
443485,Marke,Klerer,M,1965-01-23,1990-04-14,9999-01-01
443841,Shaw,Kading,M,1965-01-08,1992-07-16,9999-01-01
443873,Vatsa,Ramsay,M,1965-01-20,2000-06-16,9999-01-01
444070,Heping,Skrikant,F,1965-01-15,1990-11-27,9999-01-01
444099,Kousuke,Worfolk,M,1965-01-28,1988-03-22,9999-01-01
444208,Irena,Cesareni,M,1965-01-27,1985-10-30,9999-01-01
444465,Prasadram,Bultermann,M,1965-01-13,1998-10-25,9999-01-01
444487,Udi,Rullman,F,1965-01-03,1994-04-09,9999-01-01
444643,Berna,Schonegge,M,1965-01-18,1998-06-28,9999-01-01
445067,Eldridge,Kawashima,F,1965-01-28,1990-02-27,9999-01-01
445152,Heping,Peac,M,1965-01-09,1985-03-20,9999-01-01
445226,Oscar,Baumann,M,1965-01-01,1987-01-22,9999-01-01
445570,Van,Nations,F,1965-01-25,1986-08-11,9999-01-01
445723,Gaurav,Roison,F,1965-01-31,1991-07-12,9999-01-01
445941,Masako,Dechter,M,1965-01-11,1985-09-25,9999-01-01
445950,Ebru,Valtorta,M,1965-01-23,1992-12-09,9999-01-01
446121,Fay,Cochrane,M,1965-01-11,1999-12-13,9999-01-01
446306,Hercules,Kabayashi,M,1965-01-22,1991-06-10,9999-01-01
446424,DAIDA,Nooteboom,F,1965-01-16,1985-11-24,9999-01-01
446897,Takahiro,Dalton,M,1965-01-22,1992-09-30,9999-01-01
446959,Aram,Passino,M,1965-01-29,1995-01-28,9999-01-01
447018,Dannz,Miara,M,1965-01-17,1992-12-04,9999-01-01
447135,Gennady,Rouquie,M,1965-01-31,1989-08-24,9999-01-01
447232,Aleksander,Schaaf,M,1965-01-22,2000-01-10,9999-01-01
447376,Kirk,Zongker,F,1965-01-07,1999-12-10,9999-01-01
447544,Stabislas,Kakkad,M,1965-01-22,1989-02-19,9999-01-01
447613,Paris,Restivo,M,1965-01-15,1986-11-21,9999-01-01
447877,Make,Heuser,M,1965-01-13,1988-07-02,9999-01-01
447931,Martijn,Jeong,F,1965-01-11,1990-12-14,9999-01-01
447966,Kamakshi,Hebert,M,1965-01-05,1997-01-17,9999-01-01
447982,Shiv,Baezner,F,1965-01-25,1990-12-17,9999-01-01
447999,Shiv,Vilarrasa,F,1965-01-05,1990-08-01,9999-01-01
448769,Mong,Dichev,M,1965-01-18,1997-10-11,9999-01-01
448900,Mart,Talmor,M,1965-01-16,1999-05-11,9999-01-01
448918,Chiradeep,Arlazarov,F,1965-01-23,1989-10-06,9999-01-01
448994,Haldun,Syang,M,1965-01-12,1997-02-11,9999-01-01
449189,Jahangir,Bernatsky,F,1965-01-30,1995-09-30,9999-01-01
449815,Fumitaka,Quittner,M,1965-01-27,1988-04-20,9999-01-01
449984,Hinrich,Perin,F,1965-02-01,1985-11-20,9999-01-01
450184,Selwyn,Henseler,F,1965-01-11,1993-03-09,9999-01-01
450255,Udo,Waymire,M,1965-01-31,1986-06-14,9999-01-01
450309,Gill,Orlowska,M,1965-01-08,1986-12-25,9999-01-01
450475,Saeed,Bahl,M,1965-01-21,1991-01-29,9999-01-01
450817,DAIDA,Frolund,M,1965-01-10,1987-07-17,9999-01-01
450888,Sedat,Rande,F,1965-01-03,1995-03-25,9999-01-01
450934,Chanjung,Raoux,M,1965-01-23,1992-05-25,9999-01-01
450936,Yuriy,Ponthieu,F,1965-01-18,1991-12-11,9999-01-01
451253,Jaihie,Ozeri,F,1965-01-15,1991-06-21,9999-01-01
451272,Jacopo,Krohm,M,1965-01-02,1991-04-24,9999-01-01
451275,Bedrich,Isard,M,1965-01-25,1986-06-07,9999-01-01
451333,Radhika,Bonifati,M,1965-01-15,1995-03-11,9999-01-01
452137,Subir,Miake,M,1965-01-15,1999-01-09,9999-01-01
452206,Arra,Esposito,M,1965-01-22,1994-11-03,9999-01-01
452325,Taiji,Berstel,F,1965-01-14,1996-12-02,9999-01-01
452347,Shigeichiro,Brattka,M,1965-01-07,1996-07-13,9999-01-01
452365,Fei,Gadepally,M,1965-01-05,1988-11-13,9999-01-01
452956,Gou,Thombley,M,1965-01-17,1990-11-07,9999-01-01
452957,Alair,Nanard,M,1965-01-03,1996-02-10,9999-01-01
452982,Lobel,Aloia,F,1965-01-29,1994-12-29,9999-01-01
453070,Aran,Rosenbaum,F,1965-01-06,1991-04-25,9999-01-01
453154,Gao,Lally,F,1965-01-03,1996-03-01,9999-01-01
453644,Berni,Takkinen,M,1965-01-07,1992-06-08,9999-01-01
453688,Chinya,Leslie,F,1965-01-24,1995-10-28,9999-01-01
453723,Arne,Kohling,F,1965-01-15,1985-12-13,9999-01-01
453760,Ewing,Rajala,F,1965-01-13,1996-06-21,9999-01-01
453790,Fai,Keirsey,M,1965-01-11,1994-10-12,9999-01-01
453913,Stein,Perng,M,1965-01-23,1993-04-29,9999-01-01
454338,Mohammed,Georg,F,1965-01-24,1998-08-03,9999-01-01
454378,Gina,Ossenbruggen,M,1965-01-06,1998-01-03,9999-01-01
454736,Nechama,Ermel,F,1965-01-24,1995-06-05,9999-01-01
454791,Xiaoqiu,Pietracaprina,M,1965-01-22,1994-07-09,9999-01-01
454825,Kamakshi,Schusler,F,1965-01-02,1995-05-25,9999-01-01
454994,Mohan,Picht,M,1965-01-01,1991-02-24,9999-01-01
455175,Soenke,Zaumen,F,1965-01-14,1992-02-22,9999-01-01
455284,Luisa,Baig,F,1965-01-09,1996-07-12,9999-01-01
455726,Qiwen,Kriebel,M,1965-01-08,1987-12-13,9999-01-01
455814,Giao,DuCasse,F,1965-01-28,1991-07-19,9999-01-01
455914,Peer,Angelopoulos,M,1965-01-01,1989-07-23,9999-01-01
456767,Tetsurou,Schreiter,M,1965-01-24,1987-07-17,9999-01-01
456982,Shounak,Dratva,F,1965-01-07,1989-01-05,9999-01-01
457070,Gay,Plavsic,F,1965-01-25,1987-08-06,9999-01-01
457146,Jinpo,Heyers,F,1965-01-20,1999-01-07,9999-01-01
457305,Sorina,Lakshmanan,M,1965-01-15,1994-09-03,9999-01-01
457337,Xumin,Beidas,F,1965-01-31,1995-04-27,9999-01-01
457411,Xudong,Peck,M,1965-01-13,1988-04-18,9999-01-01
457489,Berna,Ranst,F,1965-01-24,1985-05-14,9999-01-01
457611,Indrajit,Krogh,M,1965-01-09,1998-09-18,9999-01-01
457776,Florian,Siepmann,F,1965-01-15,1987-12-21,9999-01-01
457813,Foong,Gargeya,F,1965-01-28,1992-01-24,9999-01-01
457832,Jackson,Zielinski,F,1965-02-01,1997-09-12,9999-01-01
457938,Arch,Picco,M,1965-01-14,1997-10-22,9999-01-01
458111,Florian,Tramer,F,1965-01-23,1999-11-07,9999-01-01
458134,Thanasis,Standera,F,1965-01-11,1985-03-20,9999-01-01
458191,George,Atchley,M,1965-01-28,1997-07-02,9999-01-01
458383,Mabhin,Foote,M,1965-01-06,1999-04-23,9999-01-01
458726,Shahaf,Kitai,M,1965-01-13,1986-12-26,9999-01-01
458790,Ramya,Azadmanesh,M,1965-01-17,1988-11-19,9999-01-01
459172,Val,Rissanen,F,1965-01-19,1993-11-20,9999-01-01
459356,Pramod,Wendorf,M,1965-01-21,1998-12-25,9999-01-01
459429,Mohit,Verhaegen,M,1965-01-14,1992-05-27,9999-01-01
459685,Hirochika,Goldhammer,M,1965-02-01,1998-03-12,9999-01-01
460131,Adly,Hambrick,F,1965-01-16,1997-07-25,9999-01-01
460691,Munehiko,Gihr,M,1965-01-16,1989-12-06,9999-01-01
460707,Yoshinari,Lanteri,F,1965-01-07,1996-12-25,9999-01-01
460920,Remzi,Mitzlaff,F,1965-01-22,1986-04-06,9999-01-01
461120,Shietung,Gelosh,M,1965-01-18,2001-04-01,9999-01-01
461270,Mrinalini,Mawatari,M,1965-01-10,1996-01-03,9999-01-01
461801,Sumali,Cooman,M,1965-01-03,1993-04-18,9999-01-01
462493,Paloma,Gerlach,M,1965-01-12,1988-07-26,9999-01-01
462795,Somnath,Cummings,M,1965-01-05,1994-07-10,9999-01-01
463023,Itzchak,Penn,M,1965-01-06,1999-01-21,9999-01-01
463099,Jinxi,Schmiedel,F,1965-01-15,1990-09-21,9999-01-01
463212,Ramya,Rossi,F,1965-01-09,2001-09-02,9999-01-01
463472,Jaber,Sethi,M,1965-01-11,2000-06-11,9999-01-01
463495,Alenka,Barriga,F,1965-01-28,1988-05-06,9999-01-01
464284,Huiqun,Henders,M,1965-01-20,1993-05-19,9999-01-01
464303,Abdelghani,Nyrup,F,1965-01-22,1986-08-02,9999-01-01
465062,Stafford,Gist,M,1965-01-29,1988-05-07,9999-01-01
465076,Tokuyasu,Ghelli,M,1965-01-19,1985-05-05,9999-01-01
465085,Vidar,Gunderson,M,1965-01-18,1996-03-18,9999-01-01
465409,Shahid,Varman,M,1965-01-30,1985-08-27,9999-01-01
465501,Mrinalini,Gire,M,1965-01-05,1992-11-09,9999-01-01
465711,Lakshmi,Frijda,F,1965-01-06,1990-04-21,9999-01-01
465853,Kwan,Kampfer,F,1965-01-01,1998-10-16,9999-01-01
465874,Herb,Picht,F,1965-01-12,1985-05-31,9999-01-01
466064,Temple,Danlos,M,1965-01-31,1994-06-13,9999-01-01
466367,Hiroyasu,Strandh,M,1965-01-05,1989-06-05,9999-01-01
466509,Bezalel,Verhoeff,F,1965-01-26,1988-03-22,9999-01-01
466603,Yechezkel,Nourani,F,1965-01-23,1991-08-01,9999-01-01
466745,Boalin,Birsak,M,1965-01-26,1995-10-16,9999-01-01
467176,Przemyslawa,Borovoy,F,1965-01-05,1993-06-18,9999-01-01
467269,Nahum,Lambe,M,1965-01-18,1989-08-31,9999-01-01
467392,Mariusz,Rikino,M,1965-01-07,1995-04-13,9999-01-01
467441,Margareta,Bondorf,M,1965-01-13,1988-11-07,9999-01-01
467591,Kiyotoshi,Hennebert,M,1965-01-17,2001-03-06,9999-01-01
467886,Sivanarayana,Chandrasekhar,M,1965-01-02,1996-01-24,9999-01-01
467918,Tsuneo,Skrikant,F,1965-01-03,1997-10-21,9999-01-01
468360,Huei,Saoudi,M,1965-01-12,1994-08-10,9999-01-01
468417,Kamakshi,Huhdanpaa,F,1965-01-25,1993-08-26,9999-01-01
468659,Ranga,Lemarechal,F,1965-01-18,1989-11-05,9999-01-01
468773,Baziley,Brookner,F,1965-01-27,1993-09-22,9999-01-01
469104,Nadjib,Comellas,M,1965-01-21,1999-01-22,9999-01-01
469253,Baruch,Basawa,M,1965-01-17,1993-09-17,9999-01-01
469269,Weiyi,Codenie,F,1965-01-23,1989-05-27,9999-01-01
469366,Aiman,Wilfing,F,1965-01-12,1990-12-30,9999-01-01
469399,Hongzhu,Ruemmler,F,1965-01-25,2000-06-06,9999-01-01
469527,Halsur,Ibel,F,1965-01-24,1998-03-05,9999-01-01
469529,Neven,Rikino,M,1965-01-07,1988-10-21,9999-01-01
469735,Arif,Stranks,F,1965-01-30,1992-11-16,9999-01-01
469867,Hein,Jonsson,M,1965-01-23,1985-02-12,9999-01-01
470456,Reuven,Oehlmann,F,1965-01-13,1986-03-29,9999-01-01
470472,Zhiguo,Staudhammer,F,1965-02-01,1985-12-03,9999-01-01
471397,Nigel,Zirintsis,F,1965-02-01,1999-07-23,9999-01-01
471532,Feiyu,Decleir,M,1965-01-17,1998-09-13,9999-01-01
471552,Basem,Lortz,F,1965-01-22,1997-10-25,9999-01-01
471911,Arun,Zaccaria,M,1965-01-14,1990-05-31,9999-01-01
471939,Kazuhiko,Marshall,M,1965-01-27,2001-06-04,9999-01-01
472052,Godehard,Chinal,M,1965-01-26,1995-12-09,9999-01-01
472143,Yahiko,Sommen,F,1965-01-25,1996-08-14,9999-01-01
472238,Jungsoon,Gubsky,M,1965-01-31,1990-10-09,9999-01-01
472790,Zhenbing,Ibel,M,1965-01-23,1985-10-29,9999-01-01
472950,Weidon,Fordan,F,1965-01-29,1986-03-27,9999-01-01
473268,Hugo,Sgarro,M,1965-01-01,1992-04-24,9999-01-01
473299,Khaled,Penn,F,1965-01-12,1992-05-19,9999-01-01
473490,Pantung,Reeker,F,1965-01-06,1992-05-11,9999-01-01
473940,Avishai,Majewski,M,1965-01-16,1998-01-10,9999-01-01
474331,Sugwoo,Eugenio,F,1965-01-29,1994-03-02,9999-01-01
474763,Mayuko,Clouatre,F,1965-01-07,1997-09-04,9999-01-01
474796,Zongyan,Shackel,M,1965-01-10,1987-08-17,9999-01-01
475087,Genevieve,Snedden,F,1965-01-31,1988-10-21,9999-01-01
475258,Fumiyo,Feinberg,M,1965-01-10,2000-02-12,9999-01-01
475538,Christophe,Leaver,F,1965-01-15,1998-10-31,9999-01-01
475938,Shigeaki,Lanteri,M,1965-01-14,1989-02-17,9999-01-01
475965,Rimon,Pietracaprina,M,1965-01-02,1985-07-10,9999-01-01
476055,Girolamo,Schlumberger,F,1965-01-03,1993-03-07,9999-01-01
476122,Khun,Spieker,M,1965-01-04,1995-05-07,9999-01-01
476327,Reinhold,Binkley,M,1965-01-31,1995-05-29,9999-01-01
476361,Doohun,Preusig,M,1965-01-09,1993-04-28,9999-01-01
477350,Terresa,Vigier,M,1965-01-01,1998-07-08,9999-01-01
477578,Marit,Paludetto,F,1965-01-23,1990-09-30,9999-01-01
477969,Bluma,Mundy,M,1965-01-18,1991-10-18,9999-01-01
478007,Fumino,Narahara,M,1965-01-06,1991-09-21,9999-01-01
478170,Doowon,Schoegge,F,1965-01-22,1995-04-13,9999-01-01
478218,Djenana,Erol,M,1965-01-02,1999-12-03,9999-01-01
478439,Yuichiro,Bale,M,1965-01-15,1997-11-04,9999-01-01
478768,Arun,Katzenelson,M,1965-01-03,1991-10-28,9999-01-01
478799,Shaw,Borovoy,F,1965-01-18,1991-05-11,9999-01-01
478833,Pradeep,Valiente,F,1965-01-30,1992-09-19,9999-01-01
478858,Hidekazu,Perna,M,1965-01-20,1999-11-08,9999-01-01
479024,Ewing,Kalorkoti,F,1965-01-03,1996-12-21,9999-01-01
479407,Randi,Tomescu,M,1965-01-18,1986-11-25,9999-01-01
479601,Kayoko,Bahi,M,1965-01-19,1997-02-19,9999-01-01
479695,Masamitsu,Murrill,M,1965-01-06,1999-06-23,9999-01-01
480035,Sukumar,Georg,M,1965-01-26,1990-08-26,9999-01-01
480066,Suebskul,Menhardt,F,1965-01-31,1994-07-26,9999-01-01
480178,Uinam,Rahier,F,1965-01-03,1991-02-10,9999-01-01
480268,Gaurav,Cheshire,M,1965-01-18,1989-03-30,9999-01-01
480407,Deniz,Bennis,M,1965-01-01,1989-06-24,9999-01-01
481050,Weiru,Burnard,F,1965-01-16,1990-10-15,9999-01-01
481213,Shigehiro,Haldar,F,1965-01-08,1991-12-14,9999-01-01
481397,Luisa,Chelton,M,1965-01-31,1998-08-13,9999-01-01
481764,Teiji,Marrakchi,M,1965-01-27,1986-08-26,9999-01-01
481790,Haldun,Erie,F,1965-01-22,1999-01-01,9999-01-01
482335,Kwangyoen,Peck,M,1965-01-26,1994-01-16,9999-01-01
482354,Jayson,Zockler,F,1965-01-23,1999-11-06,9999-01-01
482755,Jouni,Conia,M,1965-01-03,1994-10-31,9999-01-01
482885,Shaunak,Brizzi,M,1965-01-29,1988-09-02,9999-01-01
482905,Aral,Hebden,F,1965-01-16,1991-09-10,9999-01-01
482944,Duke,Journel,M,1965-01-26,1991-10-26,9999-01-01
483401,Rosita,Pokrovskii,M,1965-01-10,1996-08-03,9999-01-01
483675,Hausi,Kamber,M,1965-01-22,1988-02-16,9999-01-01
483825,Marek,Mitchem,M,1965-01-22,1992-11-20,9999-01-01
483838,Sham,Kavanagh,F,1965-01-03,1997-12-18,9999-01-01
483978,Dung,Tanemo,M,1965-01-24,1990-01-28,9999-01-01
484126,Manton,Lueh,F,1965-01-05,1989-04-07,9999-01-01
484142,Perry,Cooman,M,1965-01-05,1987-04-23,9999-01-01
484498,Herbert,Hammerschmidt,F,1965-01-26,1996-08-22,9999-01-01
484756,Phule,Ruemmler,M,1965-01-16,1990-08-09,9999-01-01
485253,Gladys,Parhami,M,1965-01-14,1996-07-20,9999-01-01
485489,Keiichiro,Armand,F,1965-01-01,1986-12-14,9999-01-01
485577,Rafael,Menhoudj,F,1965-01-30,1997-04-27,9999-01-01
485579,Munehiro,Iwayama,M,1965-01-18,1986-12-16,9999-01-01
485799,Yoshimitsu,Litvinov,M,1965-01-27,1997-11-22,9999-01-01
485817,Mahmut,Bolotov,F,1965-01-29,1997-02-21,9999-01-01
486068,Yefim,Bernardeschi,F,1965-01-11,1996-06-26,9999-01-01
486808,Geoffrey,Siochi,M,1965-01-05,1998-12-27,9999-01-01
486918,Yagil,Remmers,F,1965-01-18,1994-11-01,9999-01-01
486956,Matt,Ruemmler,F,1965-01-01,1993-10-14,9999-01-01
486958,Tonny,Kropf,F,1965-01-06,1986-07-30,9999-01-01
487008,Zhigen,Raney,F,1965-01-22,1993-05-26,9999-01-01
487505,Uno,Jayawardene,F,1965-01-20,1987-11-02,9999-01-01
487988,Ekawit,Schaft,M,1965-01-05,1990-05-20,9999-01-01
488095,Francoise,Hegner,F,1965-01-24,1997-12-23,9999-01-01
488142,Denis,Narlikar,M,1965-01-05,1991-07-01,9999-01-01
488482,Kensyu,Tsunoo,F,1965-01-30,1999-12-05,9999-01-01
488540,Breannda,Maquelin,F,1965-01-22,1996-04-12,9999-01-01
488619,Georgy,Bennis,F,1965-01-25,1998-04-11,9999-01-01
488693,Jiong,Zultner,F,1965-01-27,1993-03-10,9999-01-01
488707,Mihalis,Remmers,F,1965-01-16,1990-03-01,9999-01-01
488752,Nimmagadda,Baja,M,1965-01-23,1994-02-09,9999-01-01
488788,Wuxu,Garigliano,M,1965-01-12,1990-09-21,9999-01-01
488984,Kendra,Junet,M,1965-01-18,1992-11-12,9999-01-01
489755,Matk,Chorvat,M,1965-01-14,1999-12-04,9999-01-01
489756,Kersti,Miculan,F,1965-01-01,1992-06-09,9999-01-01
489928,Satoru,Janetzko,F,1965-01-28,1997-07-26,9999-01-01
490551,Lalit,Lindqvist,M,1965-01-01,1998-11-07,9999-01-01
490557,Luise,Vigier,M,1965-01-27,1994-07-01,9999-01-01
490568,Zita,Reistad,M,1965-01-01,1998-07-23,9999-01-01
490720,Younwoo,Samarati,F,1965-01-19,2002-05-18,9999-01-01
491079,Kwangsub,Keirsey,F,1965-01-06,1992-02-04,9999-01-01
491162,Panayotis,Hempstead,M,1965-01-14,1994-08-29,9999-01-01
491478,Gill,Varman,M,1965-01-16,1988-06-18,9999-01-01
491596,Charmane,Pargas,F,1965-01-21,1992-08-03,9999-01-01
491632,Gadiel,Perly,M,1965-01-01,1986-10-20,9999-01-01
492000,Valeska,Cools,M,1965-01-10,1993-12-16,9999-01-01
492052,Udo,Ratnakar,M,1965-01-11,1999-11-30,9999-01-01
492217,Heekeun,Verhaegen,M,1965-01-16,1991-09-28,9999-01-01
492639,Sanjoy,Porenta,M,1965-01-30,1997-07-10,9999-01-01
492677,Goetz,McAffer,M,1965-01-26,1988-02-05,9999-01-01
493031,Hironoby,Jakobus,F,1965-01-23,1991-07-30,9999-01-01
493048,Muzhong,Berztiss,M,1965-01-31,1995-01-23,9999-01-01
493096,Sachem,Msuda,M,1965-01-31,1995-04-07,9999-01-01
493744,Leni,Kropatsch,M,1965-01-14,1997-07-17,9999-01-01
494019,Morrie,Iisaku,M,1965-01-16,1991-05-06,9999-01-01
494088,Phule,Dahlbom,M,1965-01-10,1989-02-06,9999-01-01
494493,Masasuke,Koprowski,M,1965-01-10,1996-11-20,9999-01-01
494995,Yongmao,Pouyioutas,F,1965-01-04,1989-08-24,9999-01-01
496100,Pranjal,Reinhard,F,1965-01-07,1995-05-08,9999-01-01
496970,Giordano,Maquelin,F,1965-01-03,1999-12-31,9999-01-01
496978,Danco,Debuse,F,1965-01-30,1993-09-10,9999-01-01
497007,Oldrich,Adachi,M,1965-01-23,1998-08-09,9999-01-01
497174,Sanjiv,Bressoud,M,1965-01-02,1993-04-27,9999-01-01
497340,Fayez,Keohane,F,1965-01-06,1990-09-19,9999-01-01
497391,Paris,Lieblein,M,1965-01-30,1999-05-19,9999-01-01
497835,Shuho,Laurillard,F,1965-01-29,1999-10-06,9999-01-01
498185,Caolyn,Marciano,F,1965-01-19,1999-06-06,9999-01-01
498337,Naraig,Docker,F,1965-01-30,1997-05-17,9999-01-01
498456,Geraldo,Gerteisen,M,1965-01-17,1987-06-05,9999-01-01
498635,Florian,Pezzoli,F,1965-01-09,1988-07-22,9999-01-01
498838,Sanjay,Ciolek,M,1965-01-16,1989-12-13,9999-01-01
498845,Arumugam,Pelc,M,1965-01-09,1999-11-13,9999-01-01
498955,Nechama,Kandlur,F,1965-01-13,1995-01-16,9999-01-01
499194,Padma,Delgrange,M,1965-01-29,1999-08-27,9999-01-01
499260,Danae,Honglei,M,1965-01-11,1998-09-14,9999-01-01
499495,Baoqiu,Kakkar,M,1965-01-14,1999-08-30,9999-01-01
